user,item
329,570
902,111
13,73
301,116
1140,532
449,507
496,47
611,65
1174,189
958,354
338,226
428,44
654,617
260,516
512,172
276,707
185,20
953,477
2,777
766,213
870,102
599,707
344,52
627,576
1317,376
822,94
442,289
812,285
12,2
780,163
381,574
838,94
1222,762
367,39
1212,424
1343,441
1015,476
209,765
1374,578
37,5
456,698
671,359
558,70
571,289
415,168
477,801
420,44
734,531
1286,762
124,97
240,309
867,463
338,475
317,388
1204,502
53,285
52,711
737,442
363,488
1047,594
478,604
953,820
1017,382
265,121
501,208
486,371
102,651
417,706
243,540
336,725
224,199
909,113
461,376
161,179
1407,574
1321,293
327,711
1263,704
575,785
451,811
1227,668
87,166
824,644
527,244
1270,461
777,774
333,185
784,811
67,62
1124,578
1218,706
635,707
958,516
477,642
14,238
1290,707
454,883
909,557
702,191
951,183
164,795
366,706
915,655
726,182
768,92
739,421
398,225
217,648
478,100
376,533
932,574
550,88
1218,208
1192,844
116,347
179,482
714,676
657,71
821,378
557,635
1102,244
424,187
886,104
33,212
117,428
1254,391
866,100
1240,706
910,156
626,746
238,785
350,75
801,324
1088,181
1223,313
242,764
767,211
392,821
840,109
156,212
102,696
786,659
270,55
56,868
718,596
20,84
426,226
1341,543
375,545
1077,227
1228,807
102,578
1020,445
54,113
948,688
1196,492
1119,168
336,396
302,470
52,226
1278,704
514,656
1029,405
102,163
52,706
437,548
91,213
1319,720
546,704
113,690
653,96
593,285
80,811
992,658
762,425
594,568
17,3
972,126
273,137
592,116
64,11
302,519
128,836
655,811
708,896
550,80
1336,758
124,576
409,44
563,406
678,150
738,811
30,15
1001,861
1019,141
727,790
1304,368
217,198
94,794
634,765
102,415
221,61
815,94
118,181
842,94
1008,226
1040,679
809,94
365,566
561,808
1122,323
601,707
683,152
980,761
543,545
1133,347
1208,659
494,216
20,156
216,285
918,599
795,294
351,38
1374,386
1097,834
1300,581
579,61
721,278
536,578
524,507
421,337
866,635
1246,514
720,750
718,543
882,104
674,129
1041,151
432,50
506,502
844,321
1302,504
56,6
1284,864
835,613
56,706
1157,823
45,6
30,5
1018,292
1365,378
209,103
302,117
854,98
1163,183
798,184
866,861
309,659
1257,342
114,36
514,605
1157,372
324,32
18,145
773,327
12,230
6,41
1077,167
108,174
156,258
334,582
1144,633
703,75
108,702
362,791
640,210
13,497
51,506
14,234
495,61
730,369
984,353
1322,676
624,707
1023,552
35,9
30,785
897,245
400,122
590,167
1,103
72,156
263,27
740,769
132,213
1021,142
767,510
613,691
1273,537
433,333
662,749
550,156
628,576
100,556
1221,659
189,686
189,481
700,74
1308,319
48,302
27,7
753,807
268,103
339,706
580,61
725,79
1191,812
55,690
1135,753
1145,334
1145,543
79,575
1388,506
837,98
291,44
327,581
806,706
165,291
366,544
400,59
1302,277
504,316
90,363
356,887
113,803
161,779
680,777
315,889
407,238
285,175
426,746
1061,458
281,678
968,350
1198,374
464,46
1077,434
443,790
157,227
338,453
199,368
442,385
696,74
1233,897
322,112
795,295
476,279
161,17
341,387
8,156
952,120
9,95
144,600
670,458
1085,658
728,524
476,46
635,748
1236,883
924,116
1338,624
686,116
1109,706
359,38
20,315
143,156
203,289
1212,455
344,676
48,639
898,789
708,609
291,436
756,497
35,726
1018,141
588,726
497,668
797,621
324,563
1212,565
5,155
1352,696
1050,810
607,167
283,161
54,785
281,84
1198,617
68,734
1057,469
928,208
279,170
111,215
826,94
926,116
242,473
94,680
75,342
672,421
765,865
871,415
1181,675
1200,820
302,285
876,788
13,112
251,649
279,707
328,295
704,588
54,275
521,730
843,94
24,6
399,236
549,59
963,592
1376,632
116,615
157,635
1205,644
786,279
651,531
1233,679
1032,477
1097,163
852,430
1317,505
17,279
952,241
311,234
1189,728
1136,183
1270,380
1273,831
717,853
866,893
502,49
180,784
995,785
535,601
970,848
167,487
508,50
416,215
1227,779
64,619
1030,146
611,130
650,336
350,238
549,422
1017,488
873,804
504,519
149,200
940,285
242,706
1043,422
40,639
20,35
472,46
136,779
493,542
867,101
333,186
614,686
1342,875
822,787
889,563
532,99
1359,739
183,46
53,94
338,446
1294,569
1058,583
1112,779
107,22
630,341
281,148
1165,213
575,454
35,19
383,41
726,531
846,258
351,39
498,876
83,778
203,578
215,120
338,725
1289,262
865,708
1350,729
1347,505
1391,521
283,64
366,156
4,70
51,235
223,103
367,94
708,785
1350,326
391,763
1230,215
1255,266
842,166
907,150
456,285
545,763
677,73
13,180
1314,285
782,210
72,811
1072,156
78,564
182,155
96,426
192,21
1181,663
1416,779
391,698
920,475
338,473
265,730
183,20
565,210
1185,194
302,226
109,646
485,288
960,120
262,321
278,29
1389,414
1025,387
646,659
466,775
218,94
276,258
917,706
489,279
306,782
51,321
637,156
12,696
197,212
211,578
403,74
1239,363
1154,213
1036,813
785,143
50,30
1079,757
1084,158
202,322
496,143
343,620
677,395
1048,748
1070,304
437,44
593,115
784,282
317,156
1270,639
1149,178
700,779
998,162
733,83
738,198
1254,458
20,419
1348,597
349,545
794,686
585,61
559,233
406,166
938,476
78,6
827,94
1383,594
864,116
158,62
1328,303
759,504
1060,168
429,406
1180,208
999,812
936,116
371,894
1134,222
724,353
557,811
336,679
844,649
1331,763
634,586
546,294
72,245
230,59
389,772
701,168
57,170
952,471
201,801
1254,349
496,246
366,883
725,574
708,769
1367,377
674,258
506,449
39,556
54,319
1013,805
617,706
743,86
1313,698
21,162
250,156
622,680
682,574
225,707
362,507
913,114
154,15
187,652
119,156
770,346
1335,369
1206,644
1046,565
1307,690
84,311
992,130
203,426
760,236
651,802
336,561
980,681
126,797
946,774
590,62
11,174
766,611
580,419
718,366
203,852
1344,319
1335,358
173,824
64,6
574,226
421,290
1114,839
294,30
1241,304
841,307
1229,213
442,287
1337,603
864,258
350,768
245,707
610,314
233,258
377,41
991,868
785,548
966,691
1149,258
246,210
608,65
200,296
794,683
639,106
589,429
8,524
411,521
309,505
1235,820
1347,488
218,442
215,297
574,77
1226,212
30,415
168,896
403,762
7,834
1110,574
502,294
604,636
1293,896
555,652
36,6
340,308
836,258
1238,729
205,599
1373,433
729,81
296,227
1261,843
927,761
233,208
1185,686
112,10
846,152
607,886
29,239
142,154
302,198
432,762
1296,405
780,92
1226,635
1103,320
1391,877
678,292
847,174
938,479
315,507
280,465
1129,619
1427,795
19,632
158,16
935,116
767,814
918,215
1038,233
366,95
959,120
179,680
848,304
697,165
84,6
378,428
348,765
1055,763
339,35
416,235
13,211
811,547
617,785
636,580
559,172
582,209
10,159
653,74
314,864
149,99
496,169
1222,618
1264,477
1071,799
805,94
727,278
583,192
1101,552
672,420
1180,588
1035,148
707,76
865,100
820,365
817,632
172,371
55,106
920,838
809,208
1136,760
1119,886
8,406
509,50
598,649
736,215
711,536
159,692
97,8
367,71
247,351
1120,721
1109,721
1035,654
386,340
19,187
1322,297
28,521
1344,657
1118,876
975,215
257,706
35,515
338,35
1148,398
955,514
1399,718
1025,145
157,808
578,166
45,365
419,348
173,20
1013,224
224,831
883,404
410,44
117,94
224,61
336,55
804,409
431,306
1003,133
664,740
1273,859
1009,213
311,689
918,149
803,167
787,443
64,659
71,706
1422,610
827,789
1073,173
1205,419
1411,828
1250,865
429,893
733,96
464,105
7,381
73,198
52,258
79,74
876,707
463,538
220,661
210,24
334,663
320,761
204,761
48,198
258,415
857,156
1422,706
393,43
253,346
12,776
837,94
1077,487
299,619
431,163
102,414
312,31
1234,743
1061,261
1040,151
1404,786
754,294
1209,305
1043,888
616,243
319,543
799,156
443,72
662,709
48,258
43,91
310,44
546,58
955,535
339,539
1027,850
904,555
866,763
1106,208
56,805
677,697
701,692
1266,524
1000,583
744,456
1227,465
452,413
578,285
514,51
1147,177
74,421
228,72
296,208
76,6
619,309
139,458
806,668
1130,574
56,364
114,533
866,811
213,24
1075,156
638,883
949,166
37,38
1215,608
891,556
679,426
72,846
1297,270
953,120
1217,208
3,176
104,210
67,6
756,90
47,6
701,75
81,6
339,66
1068,184
1366,377
225,170
143,277
942,436
880,103
1138,579
137,470
613,170
167,381
93,21
572,94
41,6
558,61
878,785
329,347
780,120
2,224
88,44
215,301
843,808
411,588
28,233
762,198
876,105
1426,895
711,868
60,6
346,350
867,793
537,579
334,34
273,29
144,156
801,613
1308,355
148,14
1349,362
1178,190
1139,865
857,492
627,192
2,778
462,639
500,94
1309,657
1071,198
854,116
498,568
551,59
1171,586
90,633
521,53
1213,206
1251,234
469,755
1083,811
723,885
402,845
217,843
991,843
108,789
629,130
1273,565
251,519
347,399
1336,504
69,423
338,797
955,828
33,876
1160,591
1100,165
1095,163
591,62
491,732
265,344
356,37
48,706
505,507
431,660
1155,536
646,886
641,92
1221,624
319,198
1383,465
337,215
56,873
1338,492
212,620
459,583
328,191
1202,270
44,37
104,338
1414,633
203,799
99,8
750,258
85,116
542,108
1170,207
64,381
831,94
253,870
10,279
836,257
459,103
1305,384
35,20
386,456
60,463
556,199
329,460
233,698
863,99
957,233
532,746
162,17
1330,303
1209,763
1107,170
302,857
835,775
1262,870
938,706
127,232
1404,707
783,93
69,6
112,44
12,92
481,254
44,281
1383,875
366,578
1153,861
463,254
214,725
594,335
774,410
402,763
609,65
1286,707
175,19
1016,869
634,746
1329,558
623,208
586,179
72,311
550,659
1172,762
1055,824
1045,543
937,392
1303,661
1245,230
657,198
1179,190
1274,762
891,293
615,243
732,523
350,706
497,618
1160,186
76,555
1063,682
1226,590
1075,749
188,20
486,393
1220,383
196,354
143,178
588,581
102,94
350,35
1412,621
794,607
771,155
1272,759
520,574
1046,454
888,394
169,90
207,23
266,35
13,526
859,805
648,762
1097,222
552,60
314,95
498,48
771,92
1127,168
863,238
1329,521
702,419
521,720
665,340
206,209
965,198
1203,226
73,28
1233,676
106,520
816,349
1051,155
977,584
1426,897
81,208
770,732
1279,485
982,398
563,612
379,94
886,208
826,208
1283,415
219,184
30,287
710,574
1395,578
65,208
56,203
1386,402
647,298
1109,310
484,184
1399,719
57,94
1226,616
725,94
246,821
598,101
1125,869
46,344
55,6
357,373
1091,746
1168,226
52,131
1248,233
985,897
113,808
1200,198
238,122
1316,791
1050,884
806,527
1152,398
197,57
31,569
718,354
922,574
33,116
406,44
562,661
51,326
67,224
245,463
199,597
342,382
183,37
113,556
637,868
254,26
529,113
779,183
1351,482
1390,514
338,34
18,300
815,211
273,66
357,37
65,646
582,308
366,663
1353,734
1356,596
56,500
1382,591
238,25
213,463
1415,725
800,183
1103,707
378,41
1223,636
434,803
193,21
54,471
638,227
541,57
831,240
1184,645
381,582
573,461
405,479
230,565
52,225
309,319
522,706
338,433
549,293
136,349
521,130
577,149
191,168
882,331
434,622
1082,315
1199,656
570,61
442,276
404,493
699,97
1236,485
68,6
621,750
529,192
1102,755
1347,318
748,115
358,450
986,481
10,77
382,233
150,530
102,610
643,798
504,181
72,574
311,115
909,630
1204,271
19,280
343,35
760,706
647,204
1408,483
1017,504
606,785
522,213
344,191
357,41
830,94
565,166
1375,869
1027,369
975,127
165,614
550,59
1202,504
701,310
967,650
712,665
1048,810
665,718
492,74
520,434
529,519
339,41
875,110
714,563
84,186
322,655
1330,545
418,74
111,653
521,578
189,458
1185,307
828,167
1130,808
1152,285
46,61
302,233
197,775
916,388
207,701
53,47
435,630
443,480
1270,740
487,279
1395,441
1129,751
670,82
26,279
1131,279
314,99
762,416
1234,303
1395,699
491,707
831,751
631,503
655,71
165,118
1371,645
99,46
1148,179
1038,519
699,258
220,227
373,156
303,31
167,605
221,198
529,437
949,555
1149,690
1200,830
474,279
457,279
453,773
510,228
145,255
20,90
574,686
674,444
118,377
114,179
317,148
363,629
1419,596
272,804
1425,893
5,760
1232,630
154,583
435,183
316,31
624,98
833,761
1140,500
1355,337
148,259
456,763
531,728
444,61
1124,168
910,459
42,897
689,437
428,156
573,129
1148,213
646,707
596,458
1100,215
918,864
1215,419
1121,327
116,11
160,16
851,811
835,474
145,363
987,746
27,297
1417,834
748,88
199,21
863,108
213,280
1059,233
1115,563
51,801
44,109
810,233
1103,520
1002,769
621,66
440,181
1121,762
863,638
1382,797
841,156
130,707
235,167
1096,227
430,254
1367,797
1209,828
465,279
205,156
884,104
272,195
1082,492
813,872
428,894
1104,376
866,711
248,524
1357,679
133,272
16,690
21,415
1313,285
94,145
72,44
1334,763
752,90
919,115
1348,854
324,542
745,812
1417,795
1365,443
1101,560
279,103
220,336
789,116
1267,801
247,26
292,735
965,858
276,878
878,300
1261,245
852,369
1282,350
814,198
338,418
336,880
1203,215
845,94
1254,800
1024,143
727,222
425,494
77,41
338,796
588,344
994,843
279,360
1248,885
94,833
9,228
1409,675
336,88
207,458
345,868
774,92
330,35
1095,403
130,777
134,835
478,864
695,718
1276,469
663,514
994,416
503,49
133,260
1278,534
1197,865
491,47
112,811
157,16
1355,524
871,891
1118,329
564,61
535,572
693,785
859,615
807,222
1304,405
1132,578
922,707
219,252
88,6
613,503
460,574
1072,838
831,753
915,147
136,198
412,44
309,367
317,72
315,504
515,327
640,286
696,555
46,167
826,156
1352,330
892,643
545,100
1072,509
478,412
1350,524
1224,298
711,895
1152,442
1127,212
1237,723
372,553
891,368
450,319
35,426
215,42
21,295
625,167
528,855
1142,707
140,13
469,330
146,52
55,351
285,495
283,121
903,208
150,14
1250,698
401,752
1199,198
552,754
828,295
608,514
694,198
504,208
320,504
900,752
136,303
360,462
740,259
896,894
302,166
612,637
417,661
469,46
10,858
621,351
1148,242
545,676
355,36
51,642
84,568
586,326
330,36
693,161
96,8
29,833
656,258
328,192
374,508
411,428
428,404
466,536
441,852
74,226
795,868
0,521
1246,553
970,636
424,582
1281,811
1191,522
878,103
1350,502
1003,163
582,375
579,122
1147,497
1263,532
280,274
146,795
1265,578
1234,888
1362,419
412,811
776,148
1046,615
774,707
1367,846
1067,156
1384,593
415,285
1216,208
598,519
634,68
821,754
992,762
1060,422
811,217
890,258
564,724
338,749
361,463
811,871
19,92
872,167
599,839
139,692
474,46
486,142
210,214
259,184
1379,762
1411,726
1393,548
757,178
1032,696
348,191
199,159
31,367
1017,794
1188,706
1317,364
1164,183
689,156
641,707
1027,866
446,645
513,575
574,61
100,405
714,437
639,258
920,599
366,323
1178,829
1262,894
154,743
706,94
1398,835
555,479
1090,483
425,44
640,208
928,879
1403,775
26,4
185,693
933,333
844,174
436,101
178,179
568,94
1273,505
86,578
1274,304
395,344
782,93
1213,608
891,178
269,59
358,38
1247,347
777,233
118,746
57,198
757,90
631,686
808,188
928,706
414,516
865,376
923,174
1216,714
313,741
837,188
633,380
269,28
693,74
46,184
1391,419
1138,174
676,73
425,198
606,224
473,134
1301,669
400,359
113,744
1045,560
416,44
782,443
1310,285
23,536
320,675
286,44
654,717
679,892
1141,208
483,393
489,179
19,120
456,573
75,479
321,42
371,896
1371,428
320,198
725,165
431,390
544,299
331,615
377,570
588,690
853,248
1081,198
255,61
1209,203
676,141
1138,220
585,284
251,706
215,660
850,285
44,370
176,279
738,85
127,428
209,756
1021,176
335,34
617,94
1179,503
115,11
189,171
209,304
51,224
911,114
1036,148
220,342
35,181
1192,465
208,688
91,465
838,156
941,226
248,747
19,253
128,758
953,167
177,44
1317,289
338,798
1308,524
662,72
1410,772
1260,242
450,97
417,44
726,767
729,373
338,504
182,424
694,647
398,101
923,707
667,179
570,503
224,226
989,843
697,265
1320,846
345,232
297,133
876,103
980,128
23,892
374,315
1144,176
913,811
955,130
333,375
116,201
50,6
377,436
1046,497
1016,643
231,251
116,41
1165,183
447,657
368,275
1190,685
349,716
512,548
366,455
1001,132
936,820
930,842
598,64
321,417
615,657
1297,420
569,717
1363,811
127,315
578,555
411,739
354,36
169,18
737,644
820,506
191,21
278,706
1086,782
1011,192
695,74
1159,767
792,803
1165,322
1344,315
45,41
1204,200
474,139
554,781
74,61
845,104
190,741
1049,258
557,266
152,21
268,762
730,84
42,422
277,645
329,159
487,485
1210,784
8,811
1145,400
1074,216
505,353
529,687
1296,842
1279,722
1107,847
372,156
1169,680
118,668
683,168
868,179
811,116
1393,780
1085,166
1286,774
144,14
46,574
315,600
1244,230
782,777
823,198
844,233
621,647
839,280
168,322
1144,432
842,265
1054,340
973,346
729,720
296,285
1249,600
671,762
586,393
895,490
815,174
595,304
994,704
1115,168
50,519
375,454
856,239
467,795
731,458
321,654
54,475
32,419
681,434
678,178
205,329
599,63
9,229
641,70
291,470
10,424
1306,779
37,760
377,277
811,456
194,572
32,867
118,60
591,387
532,184
1405,474
1024,354
435,217
1281,257
1256,354
331,578
317,519
1255,752
826,759
26,167
356,233
980,890
1056,155
427,44
1122,836
373,197
571,825
903,762
304,772
876,790
419,178
1415,529
302,218
193,585
1184,396
1328,629
796,94
836,706
49,507
27,768
416,74
819,710
398,59
815,826
149,452
1091,525
751,145
1158,429
291,30
398,106
337,713
18,280
0,355
130,376
449,504
453,53
72,698
1280,258
1372,382
1108,898
1364,369
435,44
48,167
31,213
1404,884
355,216
786,651
943,785
456,824
1269,251
118,549
1218,310
45,451
591,527
400,74
456,202
48,130
912,217
346,35
632,94
937,824
384,522
1315,419
575,376
543,374
819,675
597,103
956,120
718,351
276,766
560,166
345,115
739,98
649,314
3,768
599,792
1292,598
83,120
1044,153
34,159
894,106
754,183
357,448
364,791
692,808
237,94
596,62
743,87
752,255
1140,334
165,325
723,789
376,393
372,40
966,124
1242,500
1088,351
776,706
317,31
1018,213
669,94
309,863
760,190
827,415
5,635
552,409
96,424
875,130
705,137
149,592
56,422
512,91
1324,383
905,303
556,238
315,446
713,563
75,784
431,304
203,710
1186,285
657,730
268,74
1081,376
51,805
29,266
742,541
812,669
795,124
277,471
696,720
105,9
187,465
1127,722
184,199
897,107
633,811
1134,796
512,736
1101,165
495,792
975,521
617,66
889,105
909,131
221,28
740,92
610,201
710,595
869,736
647,759
320,673
1206,867
94,84
184,616
629,199
394,212
950,196
241,302
568,61
540,57
357,308
1073,163
159,16
1289,507
488,706
758,90
1351,507
577,130
1207,707
1379,706
486,706
1239,662
1233,222
133,19
603,811
1295,291
426,44
260,621
376,368
516,387
315,177
274,167
1196,594
65,6
1211,225
156,179
210,495
1155,634
193,46
598,118
416,61
1242,227
203,418
753,519
471,226
1169,387
115,737
1339,309
533,555
52,41
1398,509
650,184
395,766
29,428
311,74
1258,387
589,181
1147,645
158,481
1279,367
285,29
10,849
186,134
775,781
965,690
767,848
78,198
189,21
453,808
1082,726
910,678
502,285
616,313
841,803
380,730
720,637
562,341
296,574
156,329
266,799
1217,492
973,198
945,118
1255,630
88,66
583,647
1108,166
1146,554
846,568
243,26
1384,772
523,298
1109,349
27,4
1011,650
1291,597
1402,593
510,507
1178,225
323,703
135,179
222,825
612,95
745,883
19,699
1226,430
1348,384
511,50
525,217
1183,207
999,136
1012,144
839,226
1023,246
154,260
449,756
760,91
104,95
1109,773
143,368
482,46
708,156
765,706
560,308
1158,581
1266,611
348,300
403,632
1353,331
694,103
575,198
747,525
512,50
290,657
963,692
512,94
710,279
950,184
29,834
1182,795
54,506
481,166
1208,202
1018,494
113,762
921,418
122,148
1029,269
661,543
44,367
39,368
389,763
1105,166
624,503
1160,318
385,594
1032,295
1265,763
1163,877
978,128
603,220
386,42
1289,675
1341,437
1070,198
182,524
1049,286
207,654
595,198
306,31
601,63
842,715
48,794
339,456
20,337
427,184
13,242
893,109
169,320
671,779
266,27
1046,153
350,61
1306,710
684,825
772,808
718,78
1090,161
836,802
114,616
1096,188
1031,611
524,331
753,90
448,225
1416,531
588,103
1110,304
46,278
1358,779
1252,759
1287,646
18,833
844,707
542,550
1281,589
1264,686
1025,287
692,839
1136,208
1122,794
786,94
300,107
925,167
635,103
467,353
743,575
1272,752
1288,312
1360,869
127,62
106,892
517,375
1032,811
1246,748
628,250
777,811
1228,212
874,762
944,120
857,307
280,29
463,603
747,519
755,779
1195,753
1243,635
454,45
1182,232
1167,184
350,251
34,5
28,5
1103,634
472,371
995,156
8,681
335,380
615,66
419,578
832,227
30,827
1261,244
410,428
821,728
54,457
641,261
1229,834
1160,643
777,116
363,428
498,822
181,21
258,762
486,582
1124,304
449,115
529,884
775,225
245,414
223,389
1010,156
1147,781
459,406
808,706
880,887
67,92
351,35
1398,767
114,120
749,89
210,167
224,25
153,15
799,282
1162,400
842,220
839,120
1224,636
824,680
910,113
977,127
597,62
1303,820
530,354
624,67
1414,524
298,859
339,428
900,110
6,156
719,359
926,285
1329,571
42,440
403,547
1221,721
204,711
704,271
366,184
549,354
501,879
1179,770
103,581
365,844
309,316
347,529
238,156
561,601
950,259
969,287
1361,722
286,695
954,213
432,44
745,706
260,620
387,101
397,43
323,330
1005,133
350,59
875,843
85,286
1084,658
1045,274
562,320
418,156
469,542
168,631
391,43
1024,870
125,413
874,109
798,540
763,92
1006,801
340,50
453,233
79,330
292,865
877,103
379,785
766,92
966,728
92,134
596,251
1109,603
395,43
201,22
396,43
961,709
1036,599
1145,785
756,416
143,127
636,491
936,405
710,793
567,61
324,647
370,642
557,198
801,818
1374,767
257,26
44,59
1013,250
565,61
265,173
1025,819
129,179
1079,447
612,658
895,317
1079,156
540,585
682,872
319,31
958,531
811,94
574,140
103,46
1039,279
1152,296
937,116
10,438
20,137
339,145
261,233
424,544
1346,318
141,870
314,31
455,146
526,282
19,706
919,323
726,686
53,361
1101,429
879,843
845,103
900,229
20,336
1187,861
653,198
846,333
304,789
1272,871
1334,575
51,288
459,393
289,311
215,403
298,659
660,445
51,285
350,74
260,730
79,519
84,706
1048,154
257,285
1295,439
979,821
680,147
1425,707
302,156
274,106
950,553
486,47
152,15
1320,291
109,22
653,717
1214,319
57,659
1184,192
194,618
724,465
556,156
1201,293
208,843
1279,556
180,811
182,696
1146,757
513,762
1320,786
3,824
596,666
834,455
410,834
19,725
1098,290
182,47
801,94
600,195
734,443
982,148
22,277
1257,240
871,108
268,28
261,167
460,285
938,617
1157,287
366,163
691,645
1274,657
1321,883
0,572
444,64
228,494
1373,472
851,799
311,31
950,562
50,882
662,498
921,706
960,813
912,475
251,167
524,223
630,67
1367,795
596,762
214,795
313,739
19,580
718,706
864,100
51,877
329,41
501,49
175,356
549,789
573,707
1079,207
6,84
1187,194
1196,338
541,843
838,777
547,593
900,426
915,324
392,681
587,285
753,568
252,198
22,184
685,285
835,500
230,25
1110,603
1350,534
397,635
1158,504
951,120
768,785
114,240
10,322
65,816
446,876
860,563
1189,882
635,761
234,706
889,310
449,372
428,676
159,398
140,159
889,696
588,471
944,769
165,17
1190,482
1208,398
1354,335
666,167
430,44
856,97
574,95
344,387
1017,420
244,26
362,38
1375,671
924,156
1086,722
885,162
227,198
189,178
144,855
1241,723
79,574
783,232
921,676
10,179
737,85
522,439
297,666
264,27
102,95
799,286
631,598
877,706
627,67
307,519
329,281
1412,587
154,782
888,603
631,413
236,531
529,748
488,68
810,707
15,2
134,12
271,167
122,11
26,89
45,511
1231,674
19,380
1050,419
550,387
1007,134
169,174
35,689
1220,680
761,91
1407,539
925,647
159,90
1381,566
272,156
1193,764
964,232
454,707
1002,132
1358,775
1314,839
374,449
1041,568
382,401
545,678
849,486
746,215
325,32
590,94
310,74
831,706
1406,474
639,69
71,285
431,51
368,507
123,594
589,62
720,242
1062,156
136,785
1161,832
44,6
796,280
692,779
1223,474
541,312
791,206
409,284
630,91
234,25
1006,780
908,298
1109,213
312,497
1140,340
1363,707
523,313
309,471
358,460
1246,232
1421,867
263,221
51,769
265,71
660,261
442,68
603,837
1413,643
1278,357
1366,487
876,198
341,731
84,432
582,844
1425,811
386,706
51,330
769,776
1327,316
256,706
802,255
118,129
949,746
8,155
806,446
428,285
17,139
341,353
602,528
678,623
72,6
1057,167
261,574
332,36
20,344
799,458
811,853
1149,708
679,654
904,111
102,22
563,61
1222,211
407,72
401,202
1151,458
746,811
359,714
260,116
1076,156
339,130
795,156
300,762
449,441
486,94
469,873
565,525
864,730
293,843
1369,673
56,894
708,771
697,810
881,116
173,213
367,853
503,168
1042,152
854,521
280,295
568,876
599,225
118,11
660,659
112,820
125,493
27,684
259,804
896,228
463,46
423,156
154,644
726,663
294,760
102,858
959,158
253,286
1042,690
188,231
277,615
478,55
718,408
624,72
577,61
151,421
753,104
35,378
568,706
1250,893
697,670
1148,283
930,574
595,762
788,94
633,94
339,126
1116,597
516,492
396,424
136,382
127,223
237,25
1266,419
226,206
727,217
116,885
39,782
842,116
218,148
1122,168
324,39
396,189
799,620
761,258
352,35
465,525
434,48
960,226
917,679
52,198
534,574
698,686
673,73
1007,302
21,168
123,686
688,698
608,276
654,71
714,115
664,710
461,159
919,563
587,512
886,894
798,304
548,60
5,375
508,166
1309,885
909,387
717,369
829,419
576,61
1023,517
302,706
521,145
282,170
1074,511
552,708
1154,539
625,708
114,168
714,77
1234,583
1331,304
1075,748
525,156
8,337
1257,656
806,607
810,659
629,680
27,706
73,613
675,73
111,800
711,583
170,632
409,351
660,452
878,104
478,696
860,98
280,831
1352,811
524,54
1007,515
498,253
56,657
1171,212
530,811
811,293
831,427
759,191
107,822
411,94
693,172
13,707
219,25
159,251
641,361
1346,755
963,409
167,429
911,665
24,198
1033,604
455,45
1120,519
1111,789
633,443
159,594
391,702
624,154
838,465
645,594
84,153
1155,611
303,50
392,503
747,94
1339,865
169,645
686,825
51,374
507,872
1131,169
174,564
428,536
872,635
269,603
619,66
366,116
1381,843
1314,472
1294,684
176,269
1382,522
1389,779
1276,354
673,283
343,737
584,674
382,66
705,488
443,687
1250,845
1277,519
486,424
151,624
234,707
426,196
451,44
1100,226
1013,279
987,384
302,94
10,518
256,26
825,120
428,409
321,549
1321,512
317,351
506,310
249,266
679,73
1134,728
451,156
485,254
124,638
513,406
1386,860
339,549
508,754
586,371
575,519
1033,362
140,422
87,6
877,519
1112,601
141,692
112,483
961,706
19,156
1207,202
935,574
663,72
1013,858
1362,452
456,759
824,200
751,852
151,223
218,730
196,563
957,470
1373,638
1040,849
483,46
317,381
637,894
215,304
1392,428
1145,362
404,116
1327,847
393,94
121,11
960,512
957,120
1039,301
812,304
1173,779
1031,168
1114,464
1019,526
636,738
37,91
1309,721
1217,875
425,521
51,148
925,887
480,304
1094,704
633,68
818,94
1305,465
522,210
1403,840
260,94
1095,707
1169,196
857,97
1148,231
164,17
518,859
20,521
595,536
932,601
343,544
1175,707
870,342
1004,762
65,707
20,184
107,785
1349,688
1029,146
1017,387
83,376
855,571
481,623
1108,897
535,94
742,219
471,393
1082,706
1161,418
342,671
1264,580
76,226
632,709
1311,765
317,696
320,489
102,705
584,74
1205,289
145,649
389,478
223,25
1050,154
829,362
1227,690
48,436
1212,630
722,79
1017,505
850,567
379,587
13,596
554,313
1412,625
1337,706
589,883
632,473
253,706
1412,545
1327,355
1193,491
1243,707
1260,848
437,606
713,240
1315,645
484,279
916,123
538,57
61,178
680,465
693,409
514,184
54,799
1346,750
400,213
725,226
836,94
948,120
166,517
134,578
526,391
111,419
599,227
893,106
985,130
1124,554
8,894
1291,267
175,408
1420,840
226,706
716,515
288,627
619,661
270,131
1309,335
1130,169
1252,351
425,820
942,481
133,12
446,769
494,475
152,799
1053,233
353,84
967,124
217,43
507,763
413,65
780,230
631,67
532,55
851,197
371,895
277,66
1362,847
743,586
533,706
883,107
390,763
344,192
871,492
725,503
259,27
982,129
270,28
517,707
1226,303
545,215
439,615
1284,603
544,284
1249,682
151,473
496,147
277,29
787,193
1092,702
226,25
205,207
410,805
1191,507
52,240
1028,440
35,249
829,197
713,801
134,374
491,586
361,412
450,233
253,26
868,279
289,30
144,62
1001,417
54,838
16,331
536,585
65,258
1362,759
511,731
1055,155
35,6
1404,472
1039,837
1374,558
1287,707
940,117
767,593
618,577
934,599
872,103
907,438
1063,486
795,120
1166,198
711,899
916,115
591,222
1102,321
423,116
85,763
1008,135
1109,398
159,393
609,777
572,707
600,63
1007,520
461,870
699,510
590,198
167,18
236,266
208,130
671,204
111,811
767,702
787,94
1344,519
477,279
363,38
598,62
1219,765
1000,503
379,460
30,170
114,213
338,758
1376,607
383,489
813,94
724,773
966,794
16,393
144,236
1180,869
383,662
358,728
1021,534
6,61
189,866
825,156
734,380
14,456
1257,836
545,475
1148,637
1318,739
1197,220
379,607
410,222
876,636
615,94
601,344
793,547
869,785
72,841
1267,644
698,293
246,295
1426,712
1220,283
481,135
757,747
152,815
1156,428
252,251
975,676
883,278
711,156
696,295
263,74
199,46
1324,472
597,295
276,839
13,78
592,64
822,407
623,67
170,18
104,9
110,328
1020,144
1396,576
1089,314
478,779
659,753
903,154
905,669
19,615
301,376
665,351
791,574
725,194
828,297
226,167
83,60
1161,183
396,168
726,80
1158,544
708,639
576,481
263,215
1359,707
970,390
808,428
1220,269
613,66
513,184
1019,451
1162,546
373,40
646,774
545,698
496,493
492,634
1387,405
1300,862
1137,418
1085,158
309,656
533,568
650,94
147,455
660,72
1382,507
1132,380
643,70
529,413
776,356
414,168
985,868
1080,387
648,321
1291,402
1047,224
459,279
18,832
801,590
657,516
869,195
206,70
1144,785
1000,132
1193,762
927,294
711,407
721,749
20,225
1170,187
239,707
734,792
825,94
709,631
84,885
1099,404
808,577
892,607
1412,519
10,554
0,240
275,243
250,360
149,173
754,469
416,677
1146,672
1210,693
575,455
568,883
1021,604
670,134
1016,750
31,444
279,817
737,396
256,198
440,44
875,103
186,519
1287,554
863,567
1398,611
1312,579
1235,224
15,868
1282,285
1315,319
488,700
1029,247
971,494
309,617
204,198
1112,603
378,387
271,94
682,226
1416,571
1333,874
149,47
444,198
419,164
1040,426
1014,800
339,245
116,192
1361,588
446,330
647,116
316,860
99,179
766,465
783,221
882,525
57,419
113,705
1083,458
795,94
1011,446
667,72
339,243
107,9
635,68
88,174
651,828
84,14
537,443
434,571
843,346
150,70
196,345
84,620
962,266
27,174
118,397
1030,198
411,578
758,625
516,682
51,327
17,329
1131,697
842,174
32,83
246,733
245,26
842,117
438,229
1143,192
1084,706
527,386
516,790
354,546
60,313
680,601
982,515
1251,340
1010,458
215,706
562,156
263,419
497,588
1309,820
1186,707
995,130
847,706
1245,724
1415,833
379,46
926,704
686,80
1368,463
1301,565
931,786
1199,331
51,14
179,20
665,638
112,514
18,381
444,201
261,885
476,169
785,94
1428,843
315,209
1345,856
211,498
1406,703
974,889
553,304
709,890
83,226
622,285
121,191
1338,309
20,314
609,517
215,278
1403,463
992,686
891,361
1087,376
532,64
431,680
710,730
1153,178
132,268
102,184
123,429
769,773
125,331
823,167
497,47
1189,195
361,490
1093,754
1425,762
1368,724
159,46
8,805
30,179
52,6
900,228
886,637
954,120
537,796
409,572
730,105
1428,897
994,543
572,61
543,382
1105,624
309,645
666,72
1096,194
10,685
400,692
286,243
764,467
1425,733
178,20
1199,476
810,94
591,217
1056,352
1162,183
786,254
43,6
668,706
115,742
1292,267
1268,251
1428,898
892,106
269,478
816,879
1254,235
704,137
1301,849
419,413
364,145
1385,405
537,368
1006,556
721,106
50,50
1280,785
491,640
620,66
1392,664
659,184
1065,221
1036,198
338,764
200,495
882,183
940,521
339,587
2,0
452,167
153,269
855,126
849,748
118,523
413,44
701,762
1,762
256,603
101,530
338,214
1377,794
537,56
936,233
382,167
1299,892
1181,578
1154,178
53,706
1271,709
1037,706
500,632
1309,751
1422,603
687,788
794,94
1065,156
104,603
1164,598
796,706
520,803
1375,387
617,786
217,614
270,392
496,705
1349,325
459,241
1367,836
625,419
272,270
169,499
867,785
181,178
729,477
519,116
1195,831
1262,844
1414,554
983,785
727,80
877,568
118,836
420,607
1133,172
1361,650
288,128
204,23
559,679
130,817
893,549
171,19
450,61
1369,852
899,785
1186,656
970,707
862,321
1097,638
392,425
650,299
380,382
1083,187
819,320
1246,509
1312,804
1370,380
1306,793
935,442
1116,182
707,693
189,22
309,285
1154,811
1215,207
367,511
97,581
825,531
968,432
645,70
490,574
424,705
18,396
292,786
211,505
1086,249
8,897
428,231
623,478
1399,453
10,168
1076,686
220,334
405,744
1301,285
136,12
88,593
435,166
983,164
1102,253
442,420
963,121
1213,509
392,702
108,10
749,831
868,489
545,835
388,43
1390,687
531,55
518,655
63,779
545,499
481,538
327,212
1017,716
338,728
20,578
461,46
503,799
455,532
983,898
1086,405
828,116
1009,741
1257,622
851,188
444,680
260,120
433,785
1341,427
503,657
252,517
1047,203
70,895
83,6
555,167
1168,185
618,712
850,706
45,181
906,513
344,74
128,11
234,612
564,540
1197,198
200,322
770,92
314,355
1293,843
450,716
438,44
314,661
1395,428
1407,478
553,279
675,526
54,694
777,491
1303,832
68,706
56,580
726,785
317,718
987,167
403,244
891,157
174,19
276,661
1043,785
542,392
571,61
1061,461
689,568
200,22
154,155
206,504
56,785
493,47
1358,824
888,396
1396,429
761,116
114,10
281,478
1083,207
51,393
1225,211
1069,785
307,226
886,156
48,712
455,384
52,708
126,11
803,706
526,419
1216,854
366,662
187,178
61,6
598,94
154,581
640,574
1374,507
531,173
510,50
975,607
544,58
1055,419
1204,708
775,257
20,38
1325,707
887,225
941,351
1006,134
100,569
855,181
860,120
144,199
1186,198
81,285
782,434
906,762
1247,331
175,178
385,41
280,42
312,51
1325,717
396,271
465,46
379,140
684,74
1323,543
1038,149
619,503
367,263
595,167
361,416
116,319
124,618
1400,711
699,94
1354,519
880,107
829,94
259,531
57,656
587,111
178,556
425,862
833,94
1245,279
1120,208
146,390
91,778
272,163
634,580
1322,389
822,167
652,813
116,434
367,195
363,458
1333,398
1294,692
779,442
167,449
696,596
139,13
615,197
121,511
156,156
1074,262
337,451
1099,164
279,285
32,793
1421,614
1005,168
997,295
1301,277
230,64
479,422
437,694
914,713
1324,668
1241,756
1179,359
1337,759
140,329
1387,438
136,94
20,127
1409,511
351,365
1026,565
812,130
309,31
32,381
579,188
1198,416
156,16
1275,686
544,156
1378,857
154,241
1020,141
79,6
582,61
165,759
54,674
771,321
389,605
333,443
233,25
560,295
227,686
470,46
58,199
987,130
802,94
477,692
1251,847
789,208
1388,645
1166,730
1074,674
406,184
1213,623
268,334
189,167
735,578
1252,845
1326,302
414,443
1332,371
1041,351
319,707
721,299
1300,276
1330,882
682,734
526,413
971,844
131,439
667,168
277,249
886,353
1166,332
831,157
1380,390
344,181
864,107
669,362
316,311
1123,232
157,500
355,528
551,585
267,183
427,764
1395,454
1116,710
660,484
656,773
1124,169
1253,718
294,707
631,627
1017,782
1143,501
525,336
1162,447
1021,248
1396,519
1242,519
454,775
586,439
1370,428
220,44
1392,535
1315,615
1281,799
173,707
350,98
235,351
105,328
449,192
1311,482
352,373
697,779
29,11
458,240
391,707
1341,311
189,170
850,265
636,617
1010,514
1159,507
652,550
680,870
847,103
322,369
626,621
196,249
1142,281
48,6
325,428
1016,889
228,66
170,497
634,183
45,44
449,217
456,203
228,100
130,12
774,142
223,168
1203,221
223,400
106,9
450,340
170,345
1137,706
1065,225
336,353
266,679
66,706
151,339
1356,610
813,226
852,730
321,587
1318,289
1301,322
996,541
388,759
336,678
1234,224
1194,711
366,39
1287,260
1176,785
726,386
939,258
961,192
499,48
1061,704
1322,704
513,348
445,72
327,32
1077,233
881,104
1093,163
1066,168
1239,803
668,72
952,387
479,279
1212,206
939,233
661,705
155,814
833,627
1048,363
812,94
280,130
956,198
1323,300
369,177
1292,802
1015,139
42,6
909,836
308,31
1126,497
302,88
809,706
1379,707
384,515
822,578
724,690
1259,298
882,309
934,162
931,601
129,16
518,139
304,81
834,707
534,233
864,109
235,166
96,815
847,94
567,631
551,590
630,413
338,794
1419,640
281,50
1174,817
879,700
392,258
488,116
398,43
149,14
322,435
699,721
678,73
1360,728
348,140
741,241
149,852
1172,869
1272,782
737,387
1148,178
51,82
1052,278
276,690
5,124
786,419
681,487
281,839
158,199
1397,836
329,465
141,13
1427,887
1267,458
1260,279
1303,802
470,178
831,194
252,718
136,248
711,259
285,592
46,44
215,739
30,338
338,507
1039,606
293,130
1301,291
396,541
1191,767
1252,814
60,878
255,26
392,706
618,843
1116,668
1274,252
483,254
28,270
29,494
307,237
1088,345
180,20
155,881
740,85
521,825
606,192
16,254
251,26
432,131
82,574
1315,797
387,148
485,224
1192,196
77,335
449,453
1280,706
977,213
492,381
1316,287
316,148
787,651
95,780
1092,589
322,32
691,454
1066,311
561,233
1232,216
1194,499
1248,899
64,191
186,565
714,558
500,810
888,802
1105,706
836,273
454,763
125,364
921,307
206,23
337,544
1313,846
177,811
229,25
262,225
218,174
135,25
355,531
547,211
1132,289
179,696
1071,779
379,504
779,394
961,520
225,746
883,663
365,866
549,734
326,785
1388,578
653,706
221,25
704,494
1169,342
1270,251
1029,250
602,206
1062,874
1098,771
468,303
314,223
808,96
603,285
320,312
1142,779
955,672
521,682
80,6
419,65
1031,848
0,699
266,340
553,332
1298,351
9,542
490,154
457,713
84,863
1425,820
1003,171
450,281
769,167
964,801
481,515
737,639
1274,390
873,823
931,360
521,823
765,714
969,578
1054,718
1297,568
665,168
138,438
777,92
929,763
1385,496
167,616
294,76
1243,266
103,322
1184,615
979,604
159,438
1253,492
612,779
807,480
77,156
552,208
539,82
766,824
314,51
1086,689
984,383
188,587
227,746
1327,319
330,193
486,279
902,882
456,766
1121,690
637,573
195,46
734,171
437,554
1199,585
999,272
1002,869
814,184
1048,801
1173,261
177,156
86,890
1228,811
667,227
822,607
111,195
1019,293
1251,568
30,118
890,280
44,327
945,202
470,594
6,877
142,463
311,682
1140,174
988,746
622,167
1364,384
26,479
1088,160
203,475
650,160
484,227
1327,603
10,251
790,879
469,254
1173,513
927,706
1202,627
525,214
82,6
189,746
541,490
752,197
1275,258
754,258
37,875
1265,404
1363,463
901,344
70,152
366,234
10,176
152,696
772,879
913,222
404,44
428,422
550,781
1037,198
153,22
1332,485
1344,355
1021,810
652,234
124,727
119,624
753,656
1220,745
111,664
622,659
848,437
63,519
1039,150
614,66
525,65
1025,535
1160,862
318,567
712,462
296,30
18,891
488,428
351,709
823,574
47,706
277,94
1011,137
15,762
1338,826
760,811
1137,807
487,249
317,467
1267,383
563,110
691,509
6,168
92,538
496,271
141,224
1175,733
1187,226
57,42
1221,242
194,594
339,84
1330,454
990,771
745,506
1139,883
1055,772
580,600
449,767
620,760
1170,798
116,258
594,174
643,458
79,706
343,411
438,687
322,195
1157,507
41,269
380,640
1422,841
117,208
104,120
1401,458
833,811
625,543
759,486
1054,154
337,127
201,583
1221,227
123,365
392,745
786,680
22,115
871,120
187,20
538,565
1377,718
338,41
1286,802
581,240
350,396
83,405
693,234
1330,561
1420,846
499,528
686,437
25,4
835,243
126,168
1064,226
1239,407
1323,849
903,111
71,808
1248,761
20,278
569,233
111,337
535,72
65,184
998,131
1418,707
361,716
558,650
227,666
621,462
354,44
41,657
84,721
250,81
414,226
21,577
372,657
966,699
585,798
515,727
1284,285
173,19
18,355
492,47
1326,731
783,226
916,214
1180,578
123,251
1423,794
250,312
1067,899
462,159
8,340
1337,779
169,259
28,72
1210,343
699,543
530,54
898,811
189,507
884,831
260,279
30,197
400,178
739,285
1410,510
32,5
468,723
43,779
393,878
61,288
576,785
539,440
302,120
1060,195
956,161
18,472
931,858
923,265
56,278
1284,574
36,762
1293,897
644,595
86,643
1271,263
926,198
1236,224
909,303
195,279
1220,279
408,166
1242,609
382,97
543,57
367,548
618,306
1312,883
628,673
176,685
593,276
1359,762
250,184
1276,578
905,614
507,50
174,779
773,568
870,275
708,130
330,727
1291,881
513,809
588,351
22,667
797,156
634,706
433,117
613,156
499,303
421,627
264,110
445,650
220,574
1080,227
911,836
295,30
280,405
280,103
767,698
348,557
700,825
921,223
642,70
1123,804
1290,402
1188,530
412,484
840,706
584,123
1109,285
128,834
974,127
30,92
716,135
671,184
1230,218
58,152
924,151
1330,718
1295,279
56,899
193,224
97,323
1111,360
531,156
990,408
334,33
567,195
1391,706
281,578
1311,289
1094,444
588,730
685,839
562,421
1390,707
1042,701
47,611
799,107
949,710
652,95
853,457
415,74
675,180
574,638
1276,452
1182,699
1101,387
866,198
289,718
698,465
892,475
1409,672
217,474
931,116
202,376
563,337
794,245
877,481
405,44
1276,253
687,830
900,408
196,21
111,706
51,268
1180,295
1053,519
324,387
1296,268
1195,692
164,279
529,387
735,145
411,522
172,41
181,692
838,241
1313,503
339,185
58,876
542,161
714,82
615,157
584,61
864,572
461,444
395,336
235,468
422,825
1090,772
673,684
770,183
1335,644
818,826
680,892
1364,806
57,66
1139,604
487,169
805,500
763,641
583,61
1413,855
1249,233
72,521
65,167
1326,794
447,217
795,130
8,899
799,94
1270,394
167,883
878,474
925,406
159,327
837,381
773,286
1026,578
252,258
546,74
249,811
315,447
718,94
1397,662
1357,836
1384,401
1346,548
51,6
1321,669
1023,548
770,733
146,14
1304,692
84,115
88,115
1358,881
731,819
146,565
18,624
259,851
964,507
719,706
634,277
1167,877
391,598
948,198
97,37
911,468
35,708
22,278
921,115
1117,195
766,789
1273,755
205,458
32,283
40,357
459,72
46,94
1210,203
658,167
529,578
934,667
1026,498
537,156
1328,814
10,586
870,106
519,339
877,536
1259,305
1090,168
892,756
36,405
423,455
297,30
1101,411
1071,156
419,811
299,156
166,428
660,152
1303,796
425,286
168,18
627,615
1235,258
814,234
18,656
851,95
655,685
315,35
976,389
856,377
367,228
689,253
913,218
1116,578
330,163
804,865
822,706
209,23
598,640
98,19
649,163
302,360
971,126
866,304
612,603
228,742
324,653
915,115
24,4
49,232
723,79
1178,352
1172,188
956,880
312,233
98,249
1225,803
650,198
923,167
279,726
473,224
221,298
640,94
329,52
461,803
645,262
924,521
784,94
660,150
227,25
1207,605
135,689
930,485
223,204
1065,257
232,279
764,364
237,475
749,864
1003,295
1359,637
742,86
858,193
19,167
549,706
644,70
590,773
1121,174
843,877
1411,519
1357,381
1008,279
396,578
706,627
51,168
109,10
366,133
879,897
736,214
1242,305
1247,837
556,67
1195,198
160,271
1261,897
185,619
235,799
884,354
1262,785
475,268
1015,501
737,471
149,246
51,272
1342,559
1092,762
1082,760
192,368
49,145
370,801
346,648
279,419
416,241
928,116
153,684
109,709
945,352
130,383
1415,643
16,478
1419,770
1057,362
511,157
612,66
908,459
1304,398
431,44
572,779
865,401
761,92
1122,832
175,667
896,106
707,605
1004,273
556,261
145,707
449,222
100,256
679,120
952,131
217,25
5,492
279,86
750,217
97,511
576,154
272,260
524,140
768,667
534,184
343,48
447,562
658,94
705,178
671,72
323,681
927,198
995,843
1022,806
62,479
459,94
990,156
1298,274
622,863
197,655
456,715
187,552
23,395
512,156
948,762
739,85
892,387
487,556
311,94
271,773
60,116
499,769
721,107
957,877
298,30
129,12
246,26
906,112
665,396
321,32
109,724
308,625
1205,374
665,219
747,102
950,648
580,457
239,595
325,70
56,168
10,435
18,687
1069,894
1144,191
1023,143
283,680
1126,224
959,215
725,298
136,782
36,269
1141,835
504,631
1320,785
464,574
815,619
978,298
844,299
175,61
1077,168
762,653
1147,505
330,61
1267,642
1411,574
950,217
117,11
1404,834
972,624
85,156
84,156
763,669
492,285
136,814
1308,315
629,67
507,518
54,805
1109,167
1271,857
1238,256
300,94
1302,554
36,328
1221,505
683,91
411,351
439,513
1103,258
330,38
778,233
813,97
615,686
203,655
639,103
1268,690
154,464
702,75
106,606
986,226
247,103
500,258
367,264
637,69
538,437
263,537
726,765
248,130
947,201
175,698
1181,546
196,303
35,248
369,448
1124,785
1270,668
1306,707
350,151
632,67
222,717
699,661
84,223
736,181
752,226
333,380
515,762
1370,549
1034,707
6,1
634,207
1053,552
10,231
162,364
680,144
1065,683
1387,435
262,116
744,86
417,154
1060,574
805,566
299,31
1061,155
1231,215
398,404
82,589
262,706
688,415
809,163
136,103
221,759
366,137
1253,234
706,695
1282,706
844,258
764,152
935,285
673,779
201,741
1222,242
1153,184
781,743
1100,619
736,84
116,443
494,674
231,130
1186,706
419,686
1109,598
969,312
1222,848
268,297
529,351
789,94
428,432
779,603
843,880
570,132
229,166
456,787
52,818
1020,292
189,641
566,406
680,526
708,894
102,234
209,811
111,32
309,754
755,116
195,251
30,680
1177,190
868,653
1221,803
1056,818
1045,456
883,578
913,220
708,897
489,310
628,67
1394,424
512,149
979,133
996,130
1038,174
177,19
780,706
163,706
338,391
565,480
62,285
449,889
107,188
278,237
272,28
1217,649
1002,785
250,718
131,654
307,172
420,127
524,557
1281,695
899,707
1169,187
876,803
20,72
1164,715
342,728
1413,707
197,589
248,754
279,470
1296,766
466,763
1101,551
277,210
532,762
360,430
155,15
1273,382
936,347
397,227
13,641
0,516
795,571
364,232
1034,498
1039,227
519,680
1046,664
1073,865
1382,825
1247,776
52,340
886,352
822,233
18,3
126,258
423,762
968,293
401,255
296,779
698,156
597,94
1376,387
43,679
516,582
904,472
1423,838
396,457
196,213
163,17
1175,257
456,779
986,130
603,64
1104,741
1017,379
20,457
747,754
42,130
1331,811
267,168
241,433
1112,573
956,881
190,688
170,146
578,826
1273,707
118,706
458,691
430,592
714,386
1122,869
864,351
750,89
775,92
396,686
757,94
350,688
1206,780
185,367
658,574
436,470
1315,486
66,813
1424,883
231,103
1266,428
1230,679
901,738
203,383
894,196
666,116
1074,156
612,338
1291,328
1078,785
18,447
1277,319
536,56
352,317
1411,706
1375,568
512,143
1293,267
183,261
924,165
1309,285
633,83
345,794
377,433
641,208
1,168
763,91
676,151
172,19
638,451
844,198
446,44
512,513
1009,438
220,61
1414,564
303,168
563,104
988,131
16,801
244,307
69,261
520,346
436,707
302,115
1282,564
142,524
340,35
985,843
386,379
555,156
807,361
678,138
87,754
468,566
1355,519
1110,258
160,552
1117,168
874,103
283,29
1373,399
281,215
1145,176
388,56
436,343
259,72
949,732
1361,428
18,795
1262,244
1406,783
1178,707
1028,606
711,873
1302,280
816,94
1191,869
839,94
155,48
1061,479
572,105
42,896
717,344
365,752
1325,403
734,167
1372,850
788,845
1195,594
401,78
1022,176
794,804
1144,746
1165,423
366,222
276,465
656,285
559,462
750,562
77,736
1169,716
66,6
1085,707
40,5
1103,166
144,168
369,671
782,779
1128,379
1300,419
1387,465
161,515
409,587
1010,236
1037,574
842,167
283,658
1424,799
600,175
848,851
987,191
1371,487
610,807
1182,758
302,87
293,868
136,605
1422,779
799,769
948,811
1358,357
700,434
1295,465
1152,692
1312,811
167,615
1268,267
20,160
480,393
260,167
385,425
829,707
221,755
812,601
1256,820
1023,291
1032,146
63,789
856,775
1119,572
1281,846
1126,318
514,590
189,36
124,25
146,139
460,46
981,758
478,279
116,506
656,456
1080,466
1279,254
5,578
594,62
339,346
378,742
132,12
759,181
224,566
813,706
850,95
1221,258
57,771
56,888
1368,522
521,822
547,359
285,269
685,86
379,164
1400,632
987,785
919,128
625,280
88,706
0,351
370,40
528,504
168,843
646,70
480,258
670,94
1413,523
224,349
154,629
122,519
215,484
1327,486
272,497
361,38
1090,562
925,116
227,163
490,47
261,878
693,273
1179,826
5,506
4,303
338,795
164,521
1139,174
328,145
713,77
143,14
1107,166
486,69
1090,343
724,79
859,498
1010,529
254,202
533,55
216,320
638,69
1088,199
84,117
251,573
1367,731
351,529
572,66
556,225
1111,167
611,601
1422,759
405,707
896,868
1379,389
1165,534
583,295
1113,811
432,120
650,120
362,863
1067,843
293,897
1386,806
697,273
9,519
1243,229
1384,840
664,72
989,130
429,342
453,45
709,869
1237,393
1370,419
1362,789
1410,840
637,897
1170,433
635,706
1135,813
412,437
661,700
1204,694
1204,780
1211,442
509,249
836,96
215,25
98,248
46,578
824,773
508,574
862,211
287,650
521,387
1119,733
329,278
1427,798
1123,168
1391,519
998,746
452,258
202,22
189,116
901,861
56,108
983,897
631,68
102,692
625,625
35,318
290,50
1275,253
1146,397
1017,140
124,619
1360,795
516,412
1101,608
636,282
493,586
169,497
1091,455
30,188
41,181
919,481
976,127
332,543
303,208
489,603
718,167
118,663
1286,258
343,51
80,494
54,599
34,46
531,607
1219,848
413,222
488,165
310,872
1169,557
845,295
35,138
1294,842
103,706
18,24
478,200
219,831
573,381
742,198
167,545
783,228
1265,245
563,341
702,857
1034,565
1256,419
926,409
876,166
1115,501
491,351
1233,387
840,567
7,819
332,41
191,159
120,428
151,792
192,178
7,1
145,258
1059,528
102,805
984,376
1084,321
986,785
348,441
1363,418
1129,168
971,571
637,130
792,657
356,574
167,852
51,166
681,73
917,115
410,618
712,76
782,149
1309,284
1303,798
562,479
1063,739
1224,338
338,819
221,610
379,278
706,830
903,575
445,209
449,650
561,61
562,571
694,185
8,123
702,514
222,707
944,195
7,544
1111,466
1389,521
197,384
413,694
567,79
1336,544
306,723
0,349
302,167
374,545
542,787
790,392
1157,182
1415,794
941,166
841,120
471,46
484,351
1154,502
46,428
284,29
366,353
1162,773
726,262
488,742
513,816
1215,493
305,223
94,7
607,706
1299,703
564,405
955,619
1343,507
322,109
348,251
282,680
519,589
923,258
824,184
17,692
335,107
1214,393
255,820
600,349
1093,307
889,258
661,550
13,469
881,156
170,601
1075,507
348,647
442,44
338,671
248,843
883,353
1141,798
224,211
843,810
10,537
96,606
924,558
1167,746
970,357
66,627
935,519
353,36
48,832
713,848
699,330
1351,381
1309,491
310,31
108,144
693,167
834,603
143,124
1284,258
114,621
275,258
654,406
884,822
1053,167
1334,306
1170,428
1089,519
1100,387
962,696
981,834
417,261
90,690
250,755
111,785
698,724
347,447
67,90
1354,631
354,707
1153,707
795,100
1247,574
980,832
784,773
1219,504
466,828
720,707
276,521
1001,666
46,805
67,65
575,166
624,184
1221,813
264,120
317,419
251,485
265,62
1078,894
448,44
17,20
823,116
623,152
502,225
913,690
625,67
95,46
426,737
1398,728
1034,147
9,14
413,387
791,94
15,894
545,706
1307,355
247,65
868,101
171,767
1125,578
601,351
99,393
1056,467
1187,802
521,667
1147,670
1058,697
1419,649
456,707
940,706
966,832
292,198
786,133
668,184
903,233
1078,843
1380,871
895,707
164,728
476,642
373,578
86,358
488,227
743,792
37,672
1418,762
975,527
410,728
396,834
1019,597
1064,156
1020,150
404,735
820,769
392,352
237,387
1324,643
336,44
563,103
143,285
837,579
169,182
681,138
900,279
667,192
529,504
302,679
674,526
1009,136
600,879
375,463
593,762
111,480
855,156
706,814
483,458
389,43
1244,453
592,62
350,239
1269,354
793,519
470,782
326,156
227,811
1400,458
936,807
336,34
36,151
258,405
1292,478
1014,874
169,94
412,785
288,170
533,305
994,130
307,847
686,74
1235,393
264,94
132,692
224,41
77,197
102,762
79,116
643,849
689,90
339,177
772,92
857,517
960,769
1330,431
1194,825
22,682
20,36
979,827
343,685
339,65
116,207
1351,410
1030,395
1396,428
421,44
650,406
223,85
1405,881
582,332
1303,521
392,820
798,233
182,279
409,205
168,298
632,225
263,519
80,497
996,706
1223,681
992,894
681,179
1096,197
78,282
394,203
447,559
1241,405
505,578
1101,748
521,686
738,686
496,251
650,811
563,707
715,178
1166,183
746,221
407,167
1100,700
239,389
719,78
1336,308
1255,480
1236,601
0,156
1050,521
1000,171
1321,384
1043,153
693,707
162,789
914,687
1348,764
689,624
105,21
683,74
471,564
987,143
607,74
525,413
748,97
1229,795
529,156
232,52
643,84
1378,632
139,279
1298,818
351,397
495,686
246,127
1338,706
996,183
1115,609
20,650
16,657
1259,241
426,718
691,74
1176,503
335,164
499,709
1160,182
258,27
409,184
805,166
1365,570
320,207
1151,178
102,437
406,400
878,156
1272,600
72,215
301,799
921,475
564,883
783,533
1048,284
569,100
593,805
1143,176
136,249
788,698
192,384
112,132
1189,762
1347,449
1288,618
1342,883
364,38
910,706
806,94
1394,492
1102,706
617,673
795,260
25,628
301,31
1363,519
1243,409
431,785
1192,621
1332,783
454,649
712,516
334,484
716,402
1132,172
22,3
203,155
887,116
518,53
196,746
121,192
849,95
938,120
102,173
1283,263
732,167
241,40
673,405
651,301
285,438
397,290
887,104
113,258
542,669
232,25
10,552
1253,340
1340,311
24,565
38,374
1024,246
1077,690
420,278
1377,591
160,179
848,95
890,834
971,710
462,46
1308,316
743,521
1160,843
268,524
162,362
494,47
1051,524
654,648
220,864
35,496
691,847
390,775
1387,606
1256,239
592,706
349,665
86,207
63,828
1149,376
161,178
946,759
768,679
314,419
591,114
886,899
391,289
1110,285
420,594
1078,156
289,51
258,657
242,231
99,224
714,475
106,708
310,172
785,291
1136,198
77,258
1211,603
1278,518
709,381
1269,487
950,344
504,467
564,654
5,44
275,285
1108,843
560,61
392,715
344,450
73,491
1288,261
15,157
775,886
48,309
217,589
991,130
927,860
46,168
476,274
239,94
1390,645
1156,543
1194,428
1069,811
220,437
1291,419
9,337
305,31
1217,898
137,12
941,117
426,779
1113,660
714,678
416,238
796,226
455,381
1150,515
321,785
280,707
95,279
114,754
365,703
75,6
380,601
822,163
371,718
1067,896
1304,641
708,166
790,706
183,279
567,607
7,833
143,256
947,762
1240,519
330,33
848,221
16,3
1055,303
17,185
726,507
584,241
1195,635
26,371
458,46
1310,817
653,473
1196,692
1064,480
636,167
880,497
373,367
1119,762
1,345
25,14
631,811
1027,831
1077,871
249,632
839,521
474,440
367,494
958,693
114,659
814,574
72,674
1365,371
74,166
61,547
577,686
950,331
608,259
705,505
901,110
65,154
554,61
385,458
56,685
1186,683
87,226
40,335
703,802
250,226
858,97
710,95
1207,583
1140,457
658,116
1000,580
20,527
749,91
1316,428
1383,393
110,405
502,51
10,779
574,544
693,878
810,540
901,605
1115,738
267,555
584,756
1307,316
173,136
335,762
427,174
64,487
733,208
212,466
448,62
201,692
244,746
956,626
645,792
1240,721
1304,604
20,205
45,177
733,465
698,74
639,595
1028,146
726,177
621,379
20,481
224,707
1150,306
734,456
834,503
215,481
1283,632
0,207
345,843
307,815
268,568
1400,682
319,706
1382,823
237,215
862,707
979,894
990,130
352,441
434,44
616,775
694,428
313,325
871,102
129,322
782,842
46,120
541,883
1044,790
504,488
1113,174
1011,710
281,29
1126,168
512,728
1119,467
277,343
1046,259
422,195
682,74
1390,415
89,376
665,603
113,547
1054,285
129,13
235,25
1192,856
1107,735
923,574
36,326
428,640
198,21
275,846
1038,603
275,766
1227,212
486,46
1211,574
63,174
844,184
70,747
305,738
1236,746
292,303
1194,278
752,198
1027,718
747,878
123,638
1156,759
391,746
1022,831
795,121
968,635
1333,305
338,720
832,173
886,898
257,258
402,788
984,130
522,54
1386,808
38,405
222,432
70,6
1378,682
577,396
597,573
735,84
790,94
1115,718
763,167
455,555
50,574
189,318
835,94
1428,899
14,762
1342,844
1399,561
728,81
350,624
883,658
147,72
605,198
485,46
406,94
864,219
381,41
847,208
205,387
1183,765
1322,590
1241,226
630,614
9,258
317,563
26,574
1293,868
235,94
1021,224
234,77
1348,368
512,743
1118,465
1042,803
912,347
1151,213
1396,578
513,94
1412,620
707,519
1021,435
384,416
384,129
244,406
1128,706
587,391
1408,532
1239,706
264,167
291,825
792,258
1352,596
808,94
1282,802
91,327
750,156
1120,574
1424,897
449,748
69,786
1247,579
1366,757
743,605
656,71
871,494
1343,376
131,12
1214,795
1121,584
1193,546
166,412
861,324
341,35
729,706
316,753
220,762
580,706
1245,321
1185,413
11,2
1012,362
210,91
114,198
1127,537
179,515
94,207
703,603
543,592
8,755
791,102
189,869
280,198
1073,863
809,773
1017,615
674,260
690,194
368,39
772,706
137,94
996,258
749,883
854,95
672,72
529,674
963,249
861,294
703,117
1203,218
56,827
384,41
465,224
475,272
876,762
1322,406
433,682
1168,459
272,853
1161,706
519,53
1129,396
853,783
82,226
971,706
94,852
467,794
313,378
460,326
422,72
1415,811
1326,796
1181,667
1093,517
944,503
634,411
769,92
1122,798
384,647
831,574
1056,707
112,607
544,330
616,66
1033,147
1364,465
86,544
1152,519
1396,656
1064,225
327,550
1203,558
1035,628
894,805
287,643
1341,809
830,762
223,94
311,166
987,192
304,718
1044,344
554,94
453,589
1364,405
387,309
705,75
250,517
231,25
284,71
1253,281
176,144
1268,745
803,94
430,46
378,748
281,122
302,96
148,158
2,250
1259,504
1067,897
822,499
1028,219
950,221
901,503
1174,594
443,44
1233,562
1137,603
30,775
922,519
873,789
52,481
557,463
220,25
484,46
893,212
302,239
815,531
904,816
543,597
457,868
197,440
326,317
330,156
695,706
760,223
858,270
64,707
1237,842
687,166
111,346
13,2
1418,811
860,107
196,167
406,351
313,31
668,750
154,538
407,44
157,579
1273,251
1370,686
1211,204
411,44
319,258
992,358
500,96
662,454
309,549
1019,354
958,120
164,869
650,71
368,563
448,237
410,731
682,156
1225,874
18,14
1421,591
292,30
1003,503
475,515
84,199
501,721
46,351
267,48
1269,597
1111,258
9,692
252,26
819,366
576,167
512,142
406,820
568,234
52,257
227,94
907,112
1138,607
532,294
956,684
173,378
1045,621
353,44
618,66
718,732
21,3
209,66
182,20
221,40
586,169
1252,715
1247,233
1305,279
1383,424
429,44
910,215
99,581
978,155
188,142
487,46
795,503
318,721
671,811
246,861
1186,735
100,9
950,209
233,120
86,6
1155,593
910,218
614,68
557,681
644,569
1026,145
240,523
1,0
178,697
537,498
1063,191
960,877
336,214
733,841
443,264
186,20
559,61
719,242
1268,777
114,154
726,428
859,506
579,707
1420,763
1063,718
654,299
1143,267
570,730
450,44
327,891
879,898
110,10
950,560
966,795
1424,896
288,785
1210,747
970,126
154,134
459,224
408,44
1216,669
814,203
1263,330
44,456
148,500
342,71
467,521
59,256
699,74
136,747
1049,233
1245,258
1106,466
1068,795
124,551
96,405
927,116
937,253
980,869
545,558
1293,899
423,61
1220,210
1030,148
240,252
372,69
467,638
952,453
947,119
347,300
977,533
1129,294
665,72
316,198
973,266
52,456
674,213
909,216
279,130
1223,851
654,81
1092,198
385,228
38,5
52,546
441,820
1331,747
960,230
927,680
895,706
722,811
512,168
869,390
698,419
114,368
860,718
501,51
1361,367
418,639
573,167
1347,521
642,342
693,706
510,192
961,701
694,74
18,645
562,94
384,811
96,597
228,25
18,394
119,168
441,44
399,101
1257,420
890,428
176,73
1189,339
1394,776
1057,155
741,85
697,419
241,26
1351,755
1072,168
414,285
590,261
1103,811
102,191
1032,808
320,403
1194,197
282,44
1190,785
988,367
144,173
808,261
939,309
1156,181
302,31
584,582
760,120
818,156
483,224
1118,168
1049,624
78,311
820,94
99,279
54,508
913,115
119,826
993,156
615,168
261,27
10,410
1268,393
451,285
312,208
480,706
1032,417
1240,285
105,423
834,295
102,72
347,620
604,71
1013,815
822,387
1428,868
1172,645
934,116
147,94
817,95
38,143
1098,352
125,66
427,620
1320,376
646,686
728,706
56,825
1088,173
1400,661
127,140
855,192
534,55
853,612
905,706
626,129
529,275
302,527
28,70
1102,165
586,62
1241,619
855,96
538,250
1025,428
1059,680
1009,458
684,686
150,133
70,706
1006,644
575,61
800,368
325,803
509,646
806,699
235,332
15,183
317,784
399,762
403,736
611,680
655,320
37,12
547,536
339,154
1422,802
754,90
844,154
509,264
976,325
235,234
869,706
510,769
456,598
102,318
973,126
610,243
222,25
1310,714
1047,154
1005,858
585,269
15,315
424,44
1237,224
1403,763
359,721
1368,893
424,653
175,68
34,801
10,559
974,665
1166,706
592,603
18,308
56,207
123,11
93,692
598,184
745,604
1150,224
115,665
160,425
473,46
340,890
879,103
543,332
366,209
1128,168
561,394
921,226
72,569
873,106
55,107
174,801
588,304
1282,664
1380,759
815,324
328,32
1044,883
692,603
1408,482
844,730
31,368
1076,851
835,706
454,698
446,872
323,285
1333,843
1129,555
490,419
1250,881
1082,603
1099,168
353,450
476,123
911,794
1190,866
279,29
722,710
580,94
1262,843
478,692
1113,257
264,28
284,778
302,208
189,587
977,291
634,167
815,563
1023,592
136,302
14,248
1211,707
221,303
1360,816
1413,785
1398,508
851,116
59,6
557,94
186,465
376,401
941,167
605,156
371,107
672,657
97,13
380,41
497,504
189,663
992,602
858,125
1181,765
164,668
1186,799
928,644
104,512
4,373
1175,189
216,574
718,298
832,94
1358,707
51,826
51,865
826,801
1066,276
1138,707
428,295
688,786
302,366
761,198
853,95
367,486
1223,211
1369,796
1086,256
338,833
345,785
573,208
540,206
643,740
1388,505
1397,758
1335,306
428,47
449,856
983,156
282,29
1281,698
804,116
1114,604
110,469
502,608
834,706
30,432
943,811
71,6
708,888
1051,737
1251,811
254,154
1150,178
232,94
48,479
627,631
817,94
505,713
497,799
8,181
518,179
920,220
584,193
730,370
1024,303
213,855
899,156
17,186
327,95
1265,785
529,857
1354,600
8,94
573,61
674,112
795,836
1010,341
1044,859
194,371
647,252
284,497
745,578
512,746
97,300
280,94
699,781
758,237
992,258
990,304
687,158
396,768
1316,323
1123,506
414,70
522,62
807,387
1236,556
77,707
635,452
1356,339
138,178
840,406
839,839
448,792
663,210
654,258
1203,676
1271,613
1199,568
318,226
1161,227
1322,613
540,723
1366,488
472,62
587,239
439,659
53,6
757,237
572,519
639,104
1273,375
1334,698
663,228
1041,495
1369,380
781,785
1044,469
1292,879
1149,394
1298,560
852,434
555,61
1058,155
778,837
154,623
295,718
219,337
606,190
674,156
1092,763
648,71
912,699
649,174
993,785
102,125
728,323
308,566
192,405
1300,725
196,258
573,304
513,51
738,234
609,381
658,71
18,836
1176,189
182,362
1004,883
1408,519
847,490
51,251
366,418
319,148
381,92
475,384
95,867
798,574
1163,252
207,540
72,733
15,897
933,701
732,730
470,692
229,116
418,44
68,754
140,692
294,303
666,535
277,243
512,708
801,603
945,189
617,388
733,543
279,351
72,285
366,132
1040,831
233,198
76,208
693,116
1250,233
558,240
428,843
755,129
1295,268
1019,232
946,610
563,854
347,397
715,496
338,757
817,814
120,11
1396,488
1085,278
193,327
687,605
1195,246
532,62
1203,678
565,72
344,677
933,170
18,728
286,29
581,61
7,507
84,466
56,156
112,61
877,579
56,185
91,7
962,304
8,263
1202,198
319,167
951,826
463,224
346,683
584,521
816,808
264,624
1094,497
507,133
510,347
978,184
1094,163
35,423
812,167
647,71
734,84
1086,159
349,35
636,68
1096,743
273,428
949,468
1277,464
419,662
1128,443
109,706
468,92
1019,465
470,708
190,147
818,285
957,258
674,150
842,285
119,94
626,157
215,189
1160,785
471,157
1081,351
138,402
1130,492
102,550
822,679
1017,585
690,156
710,76
51,46
1320,304
101,655
74,6
363,650
1099,198
181,369
192,815
1025,529
58,779
1405,695
1128,431
80,487
801,233
102,428
93,178
539,706
741,183
998,413
611,245
1203,728
1016,140
197,21
102,116
193,692
321,799
632,241
10,149
789,198
1077,813
4,94
708,722
930,116
980,416
278,155
345,896
1089,160
1090,497
212,24
1354,823
888,779
1156,261
240,153
1420,589
756,304
972,141
618,130
329,515
225,820
726,519
552,303
29,21
53,763
133,800
1058,537
456,829
319,62
1337,309
143,443
1152,178
111,10
650,761
189,489
1163,706
1382,742
547,644
5,1
83,419
760,782
793,313
709,76
907,180
449,713
133,801
873,261
1263,244
19,589
1149,574
695,452
660,116
962,121
1163,820
225,270
1214,852
969,125
1016,427
1182,192
107,173
774,569
445,578
63,690
151,303
729,523
538,802
194,21
512,706
662,653
664,507
800,252
1407,519
1208,349
119,11
396,659
1385,515
231,94
951,148
856,836
1394,831
461,465
930,706
1027,212
1040,812
503,578
363,815
705,662
432,229
876,706
456,830
1252,478
726,543
967,196
53,68
571,116
1356,398
849,399
943,348
579,574
304,31
1069,156
945,706
525,748
54,6
189,47
127,26
18,471
804,94
717,324
218,258
208,296
958,198
990,541
1376,411
66,828
762,584
1371,615
1155,181
1121,168
6,44
320,524
1334,589
359,564
141,279
150,852
449,446
1425,822
1148,692
1346,654
290,574
300,50
598,301
504,49
166,226
1010,136
815,718
27,779
1196,664
1272,497
431,503
126,515
518,628
845,680
246,60
911,517
1014,139
867,271
1318,518
428,310
1315,443
304,690
1013,298
962,490
885,251
791,198
1013,428
581,239
847,519
94,11
650,595
195,376
1081,156
630,669
220,219
843,373
381,350
302,398
276,660
182,306
751,94
1401,591
1314,584
104,696
2,515
1416,813
983,899
1019,578
1070,337
718,352
1205,590
625,94
116,233
350,197
392,356
144,547
981,374
1176,686
850,730
992,712
716,77
153,318
556,61
1093,762
38,22
515,615
746,234
543,384
108,339
1184,443
1321,690
528,54
980,856
1053,154
961,492
552,555
609,615
712,300
678,368
28,836
234,604
982,609
69,103
278,492
676,150
343,706
18,35
323,32
358,833
981,836
812,116
1331,843
20,365
966,834
5,588
1306,279
471,298
1210,640
1177,711
711,157
118,74
271,398
1357,637
401,635
400,770
279,198
9,1
444,130
1363,368
208,23
392,594
773,461
748,227
1043,668
237,115
632,68
1188,195
279,686
19,505
1392,419
43,624
1154,602
1167,497
875,266
1116,371
1035,384
59,44
1058,644
56,192
615,259
778,574
731,800
787,330
41,50
517,654
1417,727
457,393
298,94
564,603
220,871
972,742
829,188
267,227
1169,699
997,820
383,251
1357,832
663,455
603,233
366,94
1066,509
1024,809
681,419
1324,300
438,378
45,132
398,519
501,883
410,156
125,11
1105,388
413,69
339,62
138,655
428,108
776,92
394,43
1372,545
1179,211
866,820
580,779
121,740
1018,556
1423,795
672,258
155,845
718,373
744,360
717,306
956,885
622,762
486,301
502,418
1205,200
1229,553
227,130
781,241
30,637
920,215
1285,801
828,94
1232,311
1423,645
1232,746
322,746
917,838
714,820
59,440
37,507
899,109
1134,805
820,186
57,886
1379,519
765,92
283,417
860,109
16,597
1109,178
535,71
1396,615
1131,569
419,372
1218,574
339,696
392,314
1299,763
502,419
54,625
1401,801
785,358
645,546
733,418
1329,404
893,683
26,156
708,76
755,90
51,257
1138,660
241,447
1172,610
758,331
174,618
1373,385
570,707
711,896
347,381
299,195
338,54
283,174
166,318
750,299
184,703
433,869
333,33
1046,608
902,879
274,332
287,94
809,841
118,757
1133,483
174,384
30,199
329,455
863,265
1194,235
25,629
1153,574
591,156
913,396
473,393
914,115
1174,290
18,84
1190,195
1098,206
1141,174
467,492
1256,762
1393,606
535,56
612,656
1075,650
345,35
909,834
1385,465
134,662
587,62
458,226
947,285
1172,759
771,707
348,35
654,571
1421,768
950,156
1392,765
1135,233
604,463
1088,294
338,319
1422,669
711,76
206,279
853,439
690,694
1028,425
866,463
759,192
1381,391
1068,285
1327,840
961,168
30,577
220,120
590,63
71,519
836,779
1251,479
653,724
30,198
770,347
35,815
1412,788
1137,174
1319,580
660,634
380,198
1377,563
243,479
154,327
1221,637
741,539
1135,174
278,556
125,156
482,405
439,864
54,192
1128,616
897,243
946,118
921,304
18,216
225,706
202,591
447,44
1410,830
807,289
455,229
70,635
1285,258
433,44
1040,411
958,679
402,43
720,78
939,117
40,787
10,143
170,858
118,88
11,198
1396,487
519,707
1410,763
1426,874
1291,405
57,62
651,707
930,361
1328,867
488,46
714,329
1353,574
99,692
1012,600
1052,587
1106,296
322,594
37,785
593,65
543,375
867,419
1224,408
4,0
1219,210
887,458
30,215
810,174
684,277
1360,364
1267,646
433,535
242,519
746,88
350,44
1003,266
878,297
440,63
387,483
599,802
1401,556
1097,493
868,785
1303,332
342,706
341,562
254,167
702,365
476,693
699,203
966,453
366,588
320,748
136,130
276,492
419,44
569,197
877,469
314,448
815,611
644,627
1023,652
659,704
260,61
118,98
142,14
738,679
33,208
843,119
773,285
1052,641
1283,278
0,192
676,138
250,428
83,44
482,567
11,476
8,130
814,707
932,233
440,227
8,898
1409,504
1214,207
661,72
154,18
139,800
456,394
516,52
1183,869
468,46
248,26
1048,234
784,877
302,76
1255,236
462,77
586,159
1175,808
615,626
935,706
634,663
742,351
419,663
642,773
530,693
1357,449
8,785
189,594
1228,376
51,21
976,230
46,481
278,753
780,234
119,120
512,578
482,74
717,236
1244,699
930,785
875,898
1359,359
959,332
779,92
109,495
511,835
0,285
904,378
936,811
528,332
201,585
89,458
594,707
651,71
232,198
48,325
396,384
562,205
236,158
95,7
1033,883
114,178
1410,715
1327,303
959,827
460,440
107,116
113,854
1164,510
940,519
252,332
175,88
1098,164
1277,852
916,218
793,635
930,606
373,213
189,340
589,428
887,154
761,788
1031,759
1167,875
214,24
643,288
475,439
865,556
220,706
1142,706
983,130
548,359
408,168
1052,565
1296,465
585,145
5,207
443,745
997,130
377,121
223,199
1200,707
1037,148
1117,819
411,547
690,602
399,197
500,48
618,868
1024,174
1041,308
949,801
1072,758
1119,519
1022,143
1218,603
176,19
529,676
292,201
788,695
662,167
815,320
402,766
1329,303
178,19
829,243
353,381
93,439
693,861
366,468
955,120
1143,405
394,412
445,544
1342,882
278,476
807,706
258,64
612,359
515,52
619,258
933,116
847,619
411,651
1271,251
292,94
795,553
544,132
868,410
681,264
583,226
452,105
1127,693
675,150
51,49
974,262
539,322
171,439
673,445
1168,762
1186,648
1285,811
843,477
872,574
234,94
967,634
449,447
1326,835
366,117
512,428
1108,896
899,255
1171,188
708,843
965,483
921,216
688,859
1378,563
706,76
953,350
1238,224
865,118
584,578
1188,524
543,654
459,125
1249,495
875,398
1082,753
444,635
125,195
607,64
57,683
237,104
715,594
1348,668
1076,491
1004,400
181,20
1230,331
1023,584
54,779
1402,581
392,43
1349,633
689,74
387,274
902,706
1,392
1260,840
1089,706
1180,192
395,771
118,172
596,612
159,213
1421,708
102,519
1137,213
343,508
198,249
326,480
329,33
627,569
1040,452
527,413
620,832
102,188
740,153
1087,430
1008,178
144,695
63,6
308,155
1276,415
1126,611
274,746
1290,729
667,520
1087,374
65,376
1144,795
610,65
1123,724
334,687
337,578
1095,686
1406,532
781,685
685,74
1091,811
649,659
84,72
1288,893
929,310
147,14
102,458
1397,578
966,833
891,693
1299,275
688,74
671,211
53,651
1308,280
920,115
1014,888
205,216
456,706
557,61
140,831
1230,602
360,434
114,515
214,817
1191,594
1159,182
166,647
571,713
20,757
715,425
1089,761
104,279
954,249
532,108
800,94
527,670
680,138
814,351
408,208
120,192
159,18
1372,869
1076,785
64,192
1052,154
919,682
280,178
1340,795
1328,743
1237,525
366,233
1332,340
429,91
930,530
695,391
684,419
1041,169
160,585
45,61
768,119
1071,707
1360,445
369,323
375,40
1345,517
70,463
198,405
679,425
606,64
443,618
