user,item
0,0
1,0
2,0
3,0
4,0
5,1
6,1
7,1
8,1
9,1
10,1
11,2
12,2
13,2
14,2
15,2
16,3
17,3
18,3
19,3
20,3
21,3
22,3
23,4
24,4
25,4
26,4
27,4
28,5
29,5
30,5
31,5
32,5
33,5
34,5
35,5
36,5
37,5
38,5
39,5
40,5
41,6
42,6
43,6
44,6
24,6
45,6
46,6
47,6
48,6
49,6
50,6
51,6
52,6
53,6
54,6
55,6
56,6
57,6
58,6
59,6
60,6
61,6
62,6
63,6
64,6
65,6
66,6
67,6
68,6
69,6
35,6
70,6
36,6
71,6
72,6
73,6
74,6
75,6
76,6
77,6
78,6
79,6
80,6
81,6
82,6
83,6
84,6
85,6
86,6
87,6
88,6
89,6
90,7
91,7
92,7
93,7
94,7
95,7
27,7
96,8
10,8
97,8
98,8
99,8
100,9
101,9
102,9
103,9
104,9
105,9
35,9
106,9
107,9
108,10
109,10
110,10
111,10
112,10
113,10
114,10
115,11
116,11
117,11
118,11
119,11
120,11
29,11
121,11
122,11
123,11
124,11
64,11
125,11
126,11
127,11
128,11
94,11
129,12
130,12
131,12
132,12
133,12
134,12
135,12
37,12
136,12
137,12
129,13
138,13
139,13
140,13
141,13
97,13
142,14
143,14
144,14
145,14
18,14
146,14
51,14
147,14
9,14
25,14
148,14
84,14
149,14
150,14
30,15
151,15
152,15
153,15
154,15
155,15
129,16
156,16
157,16
158,16
159,16
160,16
161,17
162,17
163,17
164,17
165,17
166,18
167,18
168,18
169,18
159,18
154,18
170,18
171,19
172,19
173,19
174,19
175,19
176,19
133,19
35,19
98,19
177,19
178,19
179,20
17,20
180,20
181,20
182,20
173,20
183,20
184,20
185,20
131,20
186,20
35,20
187,20
98,20
154,20
188,20
178,20
189,21
190,21
16,21
181,21
29,21
51,21
105,21
152,21
191,21
192,21
93,21
193,21
194,21
195,21
196,21
197,21
198,21
199,21
189,22
101,22
102,22
200,22
109,22
201,22
153,22
176,22
202,22
107,22
203,22
38,22
204,23
34,23
205,23
206,23
207,23
208,23
209,23
210,24
18,24
211,24
212,24
213,24
214,24
1,25
215,25
216,25
217,25
218,25
219,25
220,25
221,25
222,25
223,25
224,25
225,25
226,25
227,25
228,25
229,25
230,25
124,25
231,25
232,25
233,25
234,25
235,25
236,25
237,25
238,25
135,25
196,25
239,26
163,26
240,26
241,26
242,26
243,26
244,26
245,26
246,26
247,26
248,26
127,26
249,26
250,26
251,26
252,26
253,26
254,26
255,26
256,26
170,26
257,26
258,27
259,27
260,27
229,27
261,27
262,27
263,27
264,27
265,27
266,27
267,27
221,28
268,28
269,28
270,28
73,28
264,28
271,28
272,28
273,29
274,29
275,29
276,29
277,29
278,29
279,29
280,29
281,29
282,29
283,29
284,29
285,29
286,29
287,29
288,29
289,30
290,30
50,30
291,30
292,30
293,30
294,30
295,30
296,30
297,30
298,30
299,31
300,31
301,31
302,31
303,31
304,31
305,31
306,31
307,31
308,31
309,31
310,31
311,31
312,31
10,31
313,31
314,31
315,31
316,31
317,31
318,31
319,31
320,32
321,32
322,32
323,32
324,32
111,32
325,32
326,32
327,32
328,32
329,33
330,33
331,33
332,33
333,33
334,33
335,34
336,34
337,34
333,34
338,34
334,34
339,35
18,35
340,35
341,35
330,35
342,35
343,35
344,35
20,35
345,35
315,35
346,35
266,35
347,35
348,35
338,35
349,35
350,35
351,35
352,35
189,36
353,36
354,36
330,36
241,36
355,36
114,36
332,36
20,36
356,37
44,37
357,37
183,37
97,37
358,38
359,38
360,38
18,38
361,38
330,38
362,38
20,38
37,38
363,38
338,38
364,38
351,38
365,39
366,39
324,39
367,39
368,39
351,39
369,39
210,40
221,40
370,40
241,40
342,40
371,40
372,40
373,40
374,40
375,40
376,41
339,41
116,41
172,41
45,41
377,41
6,41
289,41
224,41
378,41
357,41
52,41
329,41
379,41
380,41
381,41
382,41
332,41
383,41
77,41
314,41
384,41
385,41
338,41
321,42
57,42
280,42
386,42
215,42
387,42
217,43
388,43
389,43
390,43
391,43
392,43
393,43
394,43
395,43
396,43
397,43
398,43
399,43
400,43
401,43
402,43
189,44
353,44
354,44
45,44
220,44
403,44
404,44
46,44
5,44
405,44
6,44
406,44
407,44
408,44
409,44
410,44
411,44
412,44
413,44
414,44
415,44
416,44
417,44
418,44
419,44
420,44
59,44
291,44
421,44
422,44
423,44
112,44
424,44
336,44
425,44
426,44
427,44
428,44
310,44
429,44
430,44
332,44
72,44
282,44
431,44
432,44
433,44
434,44
435,44
436,44
203,44
437,44
77,44
438,44
439,44
81,44
83,44
440,44
441,44
442,44
177,44
350,44
443,44
444,44
445,44
446,44
88,44
447,44
448,44
449,44
450,44
451,44
286,44
452,44
453,45
454,45
455,45
165,45
456,45
457,46
458,46
459,46
460,46
461,46
462,46
463,46
103,46
51,46
464,46
465,46
466,46
183,46
467,46
468,46
379,46
469,46
470,46
471,46
191,46
34,46
472,46
473,46
159,46
474,46
475,46
476,46
430,46
477,46
478,46
193,46
479,46
480,46
481,46
482,46
483,46
195,46
484,46
485,46
95,46
486,46
99,46
487,46
488,46
199,46
489,46
189,47
490,47
182,47
53,47
491,47
492,47
493,47
428,47
494,47
495,47
496,47
497,47
149,47
188,47
486,47
150,47
498,48
51,48
343,48
434,48
499,48
500,48
155,48
267,48
501,49
51,49
502,49
503,49
504,49
41,50
505,50
290,50
50,50
300,50
340,50
506,50
507,50
508,50
185,50
303,50
509,50
510,50
281,50
511,50
432,50
297,50
512,50
289,51
501,51
343,51
513,51
502,51
312,51
431,51
314,51
514,51
146,52
329,52
344,52
232,52
515,52
516,52
517,52
453,53
518,53
519,53
520,53
504,53
521,53
522,54
523,54
524,54
525,54
361,54
467,54
526,54
57,54
527,54
528,54
338,54
529,54
530,54
531,55
532,55
336,55
533,55
270,55
478,55
534,55
388,56
535,56
536,56
476,56
537,56
538,57
539,57
540,57
509,57
475,57
541,57
542,57
543,57
197,57
544,58
330,58
545,58
546,58
547,58
44,59
548,59
549,59
230,59
269,59
550,59
398,59
551,59
400,59
350,59
118,60
548,60
393,60
552,60
246,60
534,60
83,60
21,60
480,60
553,60
530,60
554,61
555,61
45,61
556,61
220,61
221,61
46,61
523,61
557,61
6,61
558,61
559,61
224,61
560,61
561,61
562,61
563,61
260,61
330,61
564,61
416,61
57,61
418,61
565,61
423,61
566,61
112,61
268,61
550,61
175,61
567,61
568,61
569,61
570,61
74,61
571,61
572,61
573,61
574,61
575,61
576,61
577,61
578,61
579,61
495,61
580,61
350,61
581,61
444,61
582,61
583,61
584,61
255,61
450,61
585,61
522,62
339,62
586,62
587,62
144,62
532,62
588,62
589,62
57,62
158,62
472,62
67,62
590,62
591,62
592,62
593,62
127,62
594,62
265,62
595,62
596,62
597,62
598,62
448,62
319,62
599,63
600,63
601,63
532,63
590,63
602,63
440,63
258,64
603,64
604,64
532,64
605,64
230,64
606,64
592,64
283,64
607,64
444,64
598,64
327,64
339,65
608,65
525,65
413,65
467,65
32,65
419,65
67,65
247,65
593,65
609,65
610,65
611,65
339,66
273,66
612,66
608,66
613,66
614,66
277,66
228,66
57,66
615,66
382,66
616,66
125,66
617,66
618,66
572,66
619,66
620,66
621,66
209,66
622,66
88,66
556,67
623,67
624,67
625,67
626,67
627,67
527,67
628,67
629,67
630,67
631,67
632,67
450,67
633,68
634,68
614,68
53,68
635,68
175,68
396,68
636,68
631,68
632,68
442,68
488,68
339,69
413,69
637,69
638,69
639,69
640,69
372,69
21,69
486,69
28,70
101,70
641,70
642,70
558,70
643,70
644,70
414,70
206,70
645,70
325,70
4,70
646,70
150,70
647,71
648,71
649,71
535,71
604,71
650,71
651,71
367,71
652,71
342,71
653,71
654,71
655,71
656,71
657,71
234,71
658,71
617,71
284,71
265,71
214,71
659,71
28,72
459,72
102,72
660,72
259,72
407,72
624,72
535,72
661,72
662,72
228,72
663,72
565,72
664,72
422,72
147,72
665,72
20,72
666,72
667,72
668,72
669,72
670,72
84,72
317,72
443,72
671,72
445,72
672,72
673,73
674,73
675,73
676,73
677,73
678,73
176,73
679,73
13,73
680,73
681,73
682,74
683,74
684,74
118,74
685,74
403,74
623,74
686,74
687,74
688,74
362,74
415,74
416,74
418,74
229,74
653,74
689,74
344,74
268,74
492,74
310,74
311,74
690,74
546,74
263,74
691,74
692,74
693,74
694,74
695,74
79,74
607,74
696,74
482,74
697,74
400,74
698,74
350,74
699,74
584,74
700,74
701,75
702,75
703,75
704,75
350,75
705,75
706,76
302,76
707,76
708,76
709,76
294,76
710,76
711,76
712,76
171,77
462,77
713,77
67,77
234,77
714,77
10,77
574,77
715,77
716,77
717,77
718,78
719,78
720,78
721,78
13,78
400,78
401,78
722,79
302,79
723,79
724,79
418,79
567,79
725,79
686,80
726,80
550,80
727,80
37,80
654,81
304,81
728,81
729,81
250,81
16,82
51,82
539,82
714,82
730,82
670,82
731,82
633,83
531,83
732,83
52,83
32,83
733,83
339,84
353,84
172,84
6,84
734,84
143,84
18,84
224,84
643,84
735,84
281,84
20,84
730,84
94,84
736,84
737,85
223,85
738,85
739,85
740,85
741,85
742,86
685,86
743,86
279,86
744,86
283,86
302,87
745,87
688,87
743,87
521,87
746,88
747,88
118,88
302,88
336,88
550,88
175,88
371,88
249,88
748,88
749,89
750,89
282,89
26,89
751,89
752,90
753,90
754,90
169,90
755,90
756,90
689,90
159,90
67,90
20,90
757,90
758,90
214,90
43,91
210,91
683,91
749,91
759,91
760,91
761,91
762,91
429,91
763,91
37,91
630,91
764,91
512,91
288,91
765,92
766,92
641,92
560,92
767,92
30,92
768,92
769,92
52,92
770,92
771,92
468,92
19,92
12,92
381,92
772,92
761,92
773,92
67,92
616,92
763,92
774,92
775,92
776,92
740,92
777,92
778,92
779,92
780,92
781,93
782,93
755,93
783,93
74,93
633,94
218,94
784,94
718,94
554,94
785,94
786,94
747,94
117,94
787,94
788,94
789,94
459,94
46,94
223,94
557,94
790,94
706,94
791,94
102,94
792,94
239,94
559,94
119,94
406,94
11,94
535,94
625,94
793,94
299,94
794,94
366,94
300,94
795,94
796,94
302,94
797,94
650,94
798,94
799,94
562,94
227,94
800,94
411,94
393,94
801,94
802,94
53,94
260,94
803,94
277,94
804,94
782,94
805,94
8,94
367,94
379,94
57,94
169,94
806,94
807,94
808,94
809,94
810,94
615,94
147,94
292,94
811,94
812,94
813,94
814,94
231,94
114,94
815,94
816,94
513,94
232,94
568,94
311,94
817,94
818,94
234,94
658,94
280,94
640,94
819,94
590,94
820,94
821,94
822,94
823,94
235,94
617,94
824,94
825,94
572,94
237,94
826,94
827,94
828,94
757,94
264,94
829,94
439,94
830,94
82,94
751,94
831,94
832,94
500,94
669,94
670,94
833,94
271,94
834,94
632,94
580,94
4,94
835,94
836,94
837,94
838,94
595,94
839,94
840,94
317,94
841,94
842,94
298,94
843,94
844,94
597,94
486,94
598,94
845,94
846,94
699,94
725,94
847,94
136,94
287,94
512,94
137,94
848,95
28,95
612,95
102,95
642,95
11,95
366,95
104,95
849,95
850,95
652,95
9,95
817,95
851,95
710,95
852,95
574,95
314,95
853,95
327,95
854,95
855,96
302,96
808,96
653,96
26,96
500,96
836,96
733,96
856,97
857,97
813,97
124,97
382,97
295,97
858,97
748,97
699,97
859,97
450,97
856,98
118,98
624,98
860,98
739,98
861,98
837,98
350,98
854,98
532,99
862,99
863,99
314,99
149,99
795,100
864,100
228,100
865,100
866,100
545,100
569,100
478,100
867,101
868,101
869,101
436,101
398,101
399,101
387,101
598,101
870,102
747,102
791,102
613,102
871,102
459,103
223,103
872,103
873,103
874,103
875,103
563,103
588,103
635,103
1,103
381,103
876,103
231,103
268,103
639,103
244,103
279,103
69,103
280,103
694,103
247,103
877,103
878,103
879,103
880,103
209,103
597,103
486,103
845,103
448,103
847,103
136,103
753,104
881,104
882,104
563,104
883,104
884,104
639,104
885,104
886,104
237,104
878,104
887,104
845,104
888,104
464,105
889,105
876,105
572,105
730,105
890,105
452,105
273,106
870,106
459,106
274,106
873,106
891,106
55,106
892,106
893,106
721,106
639,106
894,106
730,106
895,106
896,106
398,106
870,107
791,107
300,107
897,107
302,107
335,107
864,107
799,107
883,107
55,107
721,107
885,107
371,107
860,107
880,107
898,108
532,108
56,108
381,108
428,108
863,108
542,108
871,108
44,109
18,109
322,109
864,109
874,109
899,109
893,109
860,109
896,109
840,109
875,110
563,110
900,110
264,110
901,110
902,111
587,111
903,111
904,111
905,111
674,112
906,112
322,112
106,112
13,112
907,112
54,113
908,113
909,113
910,113
529,113
911,114
591,114
912,114
338,114
913,114
914,115
915,115
302,115
916,115
54,115
892,115
917,115
918,115
311,115
714,115
237,115
593,115
345,115
919,115
920,115
748,115
84,115
921,115
88,115
449,115
913,115
22,115
512,115
189,116
701,116
647,116
922,116
789,116
923,116
924,116
404,116
925,116
926,116
102,116
660,116
872,116
927,116
290,116
881,116
928,116
366,116
301,116
302,116
864,116
686,116
874,116
802,116
929,116
930,116
260,116
519,116
804,116
891,116
33,116
229,116
565,116
60,116
755,116
931,116
423,116
147,116
811,116
812,116
932,116
262,116
933,116
761,116
658,116
851,116
934,116
823,116
592,116
935,116
666,116
693,116
571,116
828,116
107,116
936,116
325,116
79,116
937,116
887,116
777,116
938,116
85,116
842,116
150,116
854,116
449,116
488,116
259,117
366,117
939,117
302,117
940,117
703,117
941,117
851,117
942,117
943,117
944,117
433,117
84,117
842,117
30,118
945,118
865,118
946,118
165,118
598,118
947,119
108,119
30,119
768,119
843,119
220,120
923,120
46,120
948,120
949,120
950,120
119,120
951,120
795,120
104,120
302,120
650,120
952,120
260,120
953,120
122,120
19,120
760,120
954,120
114,120
955,120
679,120
233,120
956,120
957,120
958,120
528,120
944,120
432,120
825,120
860,120
861,120
264,120
959,120
215,120
83,120
871,120
938,120
839,120
317,120
841,120
960,120
780,120
451,120
961,120
898,121
962,121
377,121
795,121
963,121
709,121
283,121
265,121
964,121
268,122
281,122
238,122
579,122
400,122
671,122
965,123
916,123
8,123
476,123
584,123
5,124
143,124
966,124
795,124
967,124
459,125
968,125
102,125
143,125
969,125
858,125
970,126
339,126
505,126
922,126
971,126
525,126
855,126
972,126
973,126
974,127
143,127
420,127
969,127
337,127
975,127
246,127
20,127
10,127
976,127
977,127
350,127
978,128
979,128
980,128
919,128
288,128
118,129
674,129
981,129
755,129
174,129
428,129
159,129
626,129
573,129
384,129
982,129
42,130
339,130
983,130
45,130
984,130
457,130
985,130
523,130
48,130
795,130
227,130
875,130
986,130
987,130
637,130
708,130
8,130
988,130
812,130
231,130
955,130
989,130
293,130
279,130
280,130
711,130
990,130
991,130
618,130
248,130
208,130
577,130
992,130
858,130
629,130
993,130
994,130
995,130
444,130
521,130
611,130
136,130
996,130
997,130
52,131
952,131
988,131
998,131
270,131
432,131
909,131
999,132
45,132
544,132
366,132
112,132
570,132
1000,132
1001,132
1002,132
1003,133
786,133
142,133
366,133
1004,133
507,133
979,133
297,133
150,133
1005,133
473,134
186,134
92,134
1006,134
670,134
154,134
1007,134
189,135
716,135
481,135
913,135
1008,135
999,136
103,136
173,136
1009,136
154,136
1010,136
273,137
366,137
1011,137
341,137
704,137
20,137
705,137
676,138
678,138
1012,138
35,138
680,138
681,138
1013,138
17,139
518,139
146,139
474,139
1014,139
1015,139
1016,140
524,140
1017,140
379,140
574,140
127,140
348,140
674,141
676,141
972,141
1018,141
1019,141
1020,141
339,142
1021,142
430,142
774,142
188,142
486,142
512,142
785,143
987,143
1022,143
10,143
1023,143
38,143
496,143
1024,143
512,143
675,144
108,144
176,144
1012,144
711,144
1020,144
680,144
339,145
18,145
49,145
1025,145
735,145
1026,145
1027,145
751,145
94,145
338,145
350,145
364,145
521,145
351,145
328,145
585,145
1028,146
1029,146
1030,146
1025,146
677,146
1031,146
455,146
1032,146
170,146
1033,147
190,147
915,147
680,147
496,147
1034,147
218,148
951,148
51,148
1035,148
122,148
1030,148
243,148
281,148
776,148
1036,148
982,148
1037,148
316,148
387,148
317,148
319,148
782,149
918,149
1038,149
10,149
577,149
512,149
674,150
675,150
660,150
676,150
1039,150
678,150
1020,150
907,150
924,151
1040,151
676,151
1041,151
677,151
36,151
350,151
257,151
683,152
623,152
660,152
58,152
1042,152
455,152
70,152
831,152
764,152
846,152
1043,153
1044,153
1045,153
240,153
740,153
84,153
213,153
252,153
1046,153
1047,154
339,154
142,154
1048,154
1049,154
624,154
490,154
391,154
903,154
417,154
1050,154
114,154
65,154
1051,154
576,154
1052,154
1053,154
887,154
844,154
254,154
1054,154
1055,155
5,155
548,155
978,155
182,155
771,155
8,155
278,155
1056,155
308,155
1051,155
1057,155
1058,155
203,155
1059,155
154,155
1060,155
1061,155
682,156
752,156
555,156
983,156
786,156
556,156
924,156
531,156
674,156
6,156
1062,156
950,156
143,156
144,156
0,156
156,156
119,156
1063,156
857,156
881,156
525,156
299,156
544,156
366,156
795,156
1064,156
855,156
30,156
302,156
797,156
613,156
799,156
562,156
1065,156
410,156
899,156
986,156
1066,156
952,156
413,156
637,156
708,156
330,156
526,156
8,156
56,156
19,156
418,156
1025,156
605,156
1067,156
1068,156
423,156
147,156
1069,156
689,156
307,156
1070,156
550,156
1071,156
428,156
1072,156
868,156
205,156
886,156
690,156
750,156
1073,156
818,156
1074,156
125,156
1075,156
591,156
372,156
942,156
1076,156
20,156
711,156
72,156
694,156
990,156
991,156
825,156
826,156
238,156
26,156
1077,156
537,156
878,156
1078,156
77,156
993,156
1079,156
250,156
831,156
373,156
1080,156
669,156
84,156
995,156
326,156
85,156
838,156
698,156
317,156
177,156
841,156
910,156
529,156
1081,156
1010,156
272,156
318,156
699,156
451,156
512,156
891,157
615,157
1082,157
471,157
942,157
626,157
711,157
511,157
831,157
15,157
959,158
687,158
1083,158
236,158
1084,158
1085,158
148,158
1086,159
586,159
461,159
462,159
329,159
140,159
1087,159
191,159
34,159
186,159
10,159
285,159
199,159
1088,160
650,160
1089,160
20,160
973,160
956,161
693,161
542,161
283,161
1090,161
525,162
998,162
885,162
934,162
21,162
1005,162
1091,163
1003,163
649,163
102,163
366,163
227,163
1092,163
1093,163
330,163
809,163
1094,163
1073,163
280,163
1095,163
822,163
431,163
1096,163
272,163
1097,163
780,163
983,164
857,164
1098,164
335,164
379,164
419,164
1099,164
621,164
924,165
1100,165
1101,165
697,165
1102,165
725,165
488,165
949,166
1103,166
48,166
560,166
406,166
722,166
51,166
1104,166
302,166
408,166
687,166
708,166
1105,166
805,166
229,166
565,166
508,166
876,166
421,166
1106,166
425,166
311,166
941,166
602,166
235,166
74,166
435,166
1107,166
1108,166
575,166
1085,166
578,166
481,166
1037,166
842,166
1014,166
87,166
189,167
210,167
718,167
555,167
1109,167
220,167
923,167
46,167
925,167
274,167
734,167
642,167
872,167
48,167
1110,167
407,167
625,167
634,167
226,167
302,167
732,167
1111,167
662,167
726,167
769,167
987,167
260,167
803,167
953,167
19,167
1025,167
812,167
1112,167
261,167
382,167
1113,167
65,167
658,167
941,167
590,167
1057,167
822,167
823,167
1114,167
763,167
666,167
235,167
693,167
573,167
828,167
636,167
576,167
26,167
1077,167
264,167
579,167
1053,167
607,167
271,167
251,167
196,167
595,167
842,167
254,167
622,167
452,167
319,167
1115,168
701,168
683,168
117,168
46,168
1116,168
223,168
1117,168
6,168
144,168
119,168
1118,168
51,168
408,168
1066,168
414,168
415,168
1119,168
56,168
1120,168
967,168
1121,168
1,168
303,168
615,168
1122,168
1031,168
191,168
1123,168
665,168
114,168
1072,168
1124,168
1125,168
626,168
72,168
1126,168
126,168
10,168
396,168
860,168
1127,168
667,168
503,168
1077,168
831,168
21,168
1128,168
1060,168
1099,168
1090,168
298,168
1005,168
699,168
1129,168
961,168
512,168
267,168
586,169
1130,169
1131,169
1041,169
1124,169
476,169
496,169
487,169
189,170
225,170
30,170
613,170
57,170
933,170
279,170
282,170
1107,170
196,170
288,170
189,171
1003,171
734,171
1000,171
621,171
118,172
642,172
559,172
897,172
467,172
307,172
1132,172
310,172
693,172
1133,172
441,172
512,172
1088,173
531,173
102,173
144,173
63,173
1073,173
107,173
437,173
1134,173
832,173
265,173
149,173
209,173
1135,174
218,174
923,174
649,174
906,174
927,174
1136,174
11,174
108,174
169,174
1137,174
1121,174
810,174
566,174
63,174
427,174
815,174
1113,174
1038,174
943,174
1138,174
594,174
1139,174
283,174
1140,174
1141,174
842,174
27,174
1081,174
844,174
88,174
847,174
1024,174
600,175
723,175
1142,175
285,175
286,175
1028,176
1021,176
91,176
1143,176
1144,176
1093,176
157,176
1022,176
10,176
3,176
1145,176
339,177
45,177
726,177
1146,177
315,177
1147,177
351,177
369,177
1148,178
189,178
138,178
1109,178
1149,178
1150,178
90,178
143,178
161,178
180,178
181,178
1151,178
891,178
419,178
678,178
1152,178
470,178
61,178
132,178
192,178
175,178
114,178
280,178
187,178
93,178
1153,178
757,178
715,178
716,178
1154,178
400,178
705,178
1008,178
1148,179
129,179
586,179
156,179
518,179
161,179
30,179
114,179
868,179
10,179
667,179
135,179
160,179
178,179
681,179
99,179
489,179
914,180
675,180
13,180
1020,180
907,180
41,181
1088,181
1155,181
45,181
118,181
855,181
759,181
589,181
8,181
344,181
35,181
106,181
504,181
1156,181
440,181
736,181
1116,182
1157,182
726,182
169,182
1158,182
1159,182
1160,182
359,183
1136,183
634,183
1161,183
1162,183
951,183
30,183
882,183
754,183
800,183
770,183
1163,183
1164,183
618,183
435,183
1165,183
1166,183
779,183
15,183
267,183
996,183
741,183
219,184
46,184
405,184
950,184
102,184
259,184
406,184
624,184
532,184
978,184
366,184
650,184
798,184
409,184
412,184
1068,184
814,184
427,184
513,184
65,184
20,184
824,184
1153,184
668,184
534,184
250,184
514,184
484,184
596,184
844,184
659,184
598,184
671,184
22,184
1167,184
339,185
17,185
759,185
56,185
694,185
333,185
1168,185
731,185
17,186
56,186
820,186
1160,186
84,186
333,186
1157,187
1169,187
1083,187
19,187
424,187
1170,187
206,187
554,188
1171,188
1172,188
102,188
30,188
1039,188
420,188
808,188
851,188
1173,188
107,188
829,188
579,188
1096,188
837,188
612,189
945,189
1174,189
396,189
1175,189
215,189
1176,189
1177,190
1178,190
760,190
606,190
1179,190
102,191
1063,191
1144,191
759,191
987,191
702,191
121,191
344,191
64,191
348,191
328,191
116,192
1180,192
1181,192
0,192
120,192
1143,192
855,192
51,192
759,192
1182,192
987,192
1011,192
702,192
121,192
54,192
56,192
344,192
64,192
425,192
606,192
382,192
721,192
510,192
1183,192
820,192
627,192
1184,192
667,192
373,192
529,192
583,192
449,192
328,192
961,192
787,193
330,193
332,193
858,193
584,193
1185,194
1186,194
615,194
690,194
831,194
1096,194
725,194
1187,194
970,195
600,195
1188,195
1117,195
1189,195
299,195
322,195
367,195
422,195
1190,195
111,195
567,195
869,195
125,195
944,195
1060,195
272,195
1191,195
950,196
1169,196
967,196
1192,196
426,196
894,196
752,197
404,197
30,197
615,197
851,197
569,197
1193,197
1194,197
829,197
77,197
399,197
373,197
1096,197
350,197
699,197
217,198
752,198
218,198
1195,198
258,198
24,198
742,198
1196,198
789,198
221,198
924,198
204,198
948,198
557,198
965,198
926,198
791,198
906,198
927,198
48,198
320,198
1136,198
11,198
30,198
302,198
650,198
227,198
1186,198
1092,198
52,198
367,198
57,198
418,198
380,198
1030,198
876,198
605,198
653,198
1197,198
566,198
292,198
866,198
814,198
1198,198
1070,198
425,198
954,198
114,198
1071,198
1199,198
761,198
762,198
657,198
232,198
894,198
279,198
233,198
956,198
658,198
280,198
476,198
590,198
958,198
823,198
1200,198
973,198
1201,198
694,198
73,198
738,198
776,198
575,198
78,198
833,198
1036,198
1202,198
1166,198
252,198
1203,198
1037,198
316,198
595,198
1099,198
733,198
1081,198
844,198
444,198
486,198
256,198
136,198
319,198
997,198
137,198
1088,199
556,199
223,199
144,199
224,199
30,199
58,199
158,199
184,199
629,199
758,199
84,199
1204,200
987,200
1205,200
478,200
824,200
1206,200
149,200
947,201
116,201
1103,201
292,201
478,201
610,201
444,201
136,201
945,202
1207,202
1208,202
456,202
254,202
401,202
1047,203
519,203
1209,203
56,203
814,203
394,203
238,203
456,203
699,203
1210,203
647,204
223,204
243,204
476,204
1133,204
437,204
1211,204
671,204
525,205
562,205
409,205
605,205
20,205
791,206
226,206
1098,206
1044,206
540,206
279,206
602,206
1212,206
1213,206
116,207
1214,207
5,207
1215,207
0,207
320,207
634,207
1083,207
123,207
56,207
981,207
205,207
1170,207
1183,207
1079,207
94,207
86,207
368,207
116,208
117,208
789,208
1180,208
1048,208
623,208
641,208
1136,208
928,208
903,208
501,208
1216,208
302,208
408,208
413,208
54,208
552,208
33,208
1120,208
969,208
809,208
303,208
1106,208
1217,208
639,208
761,208
65,208
886,208
312,208
233,208
640,208
125,208
1218,208
763,208
729,208
74,208
573,208
826,208
76,208
504,208
1077,208
81,208
296,208
1141,208
733,208
778,208
87,208
699,208
847,208
950,209
366,209
1219,209
206,209
574,209
315,209
582,209
445,209
522,210
104,210
1219,210
277,210
782,210
663,210
565,210
1220,210
246,210
640,210
575,210
1001,210
1147,210
224,211
767,211
720,211
1221,211
1222,211
1223,211
815,211
862,211
13,211
1224,211
1179,211
671,211
1225,211
547,211
1171,212
1226,212
156,212
33,212
1221,212
893,212
331,212
1227,212
394,212
1127,212
1027,212
1228,212
197,212
327,212
1148,213
522,213
1109,213
674,213
766,213
91,213
173,213
1151,213
31,213
1137,213
1229,213
132,213
954,213
114,213
159,213
1208,213
1018,213
1165,213
373,213
977,213
1009,213
1154,213
196,213
400,213
210,214
525,214
916,214
336,214
205,214
736,214
338,214
746,215
1100,215
525,215
30,215
302,215
916,215
416,215
111,215
545,215
337,215
975,215
918,215
1230,215
1231,215
263,215
281,215
72,215
237,215
827,215
959,215
920,215
1203,215
736,215
910,215
913,215
210,216
18,216
525,216
916,216
355,216
336,216
205,216
1074,216
494,216
909,216
1232,216
921,216
950,217
525,217
1233,217
811,217
750,217
591,217
727,217
435,217
912,217
447,217
449,217
302,218
916,218
1230,218
1231,218
1203,218
910,218
913,218
742,219
220,219
1028,219
864,219
665,219
434,219
603,220
1197,220
1231,220
1138,220
920,220
921,220
842,220
913,220
746,221
848,221
950,221
1065,221
1230,221
263,221
783,221
1203,221
366,222
410,222
413,222
1233,222
807,222
591,222
934,222
727,222
1134,222
912,222
1203,222
910,222
1097,222
449,222
913,222
524,223
151,223
305,223
760,223
127,223
314,223
84,223
921,223
1047,224
1234,224
1150,224
459,224
1021,224
1235,224
1236,224
463,224
51,224
465,224
379,224
141,224
606,224
473,224
67,224
1126,224
193,224
2,224
483,224
485,224
1237,224
1238,224
99,224
1013,224
1239,225
599,225
556,225
1178,225
1064,225
1065,225
52,225
262,225
502,225
279,225
20,225
775,225
398,225
887,225
632,225
1211,225
448,225
682,226
1240,226
752,226
116,226
166,226
458,226
1100,226
224,226
1064,226
796,226
302,226
1241,226
52,226
986,226
414,226
813,226
307,226
703,226
471,226
426,226
690,226
941,226
72,226
783,226
74,226
730,226
574,226
76,226
830,226
82,226
250,226
83,226
921,226
1203,226
839,226
338,226
1168,226
529,226
318,226
960,226
87,226
725,226
583,226
584,226
1187,226
1008,226
599,227
220,227
1161,227
1039,227
157,227
1221,227
638,227
261,227
550,227
694,227
667,227
744,227
1077,227
397,227
832,227
1080,227
748,227
1096,227
484,227
440,227
296,227
350,227
267,227
488,227
1242,227
1187,227
524,228
663,228
367,228
9,228
510,228
783,228
900,228
896,228
385,228
455,229
9,229
432,229
900,229
438,229
1243,229
1244,230
523,230
12,230
242,230
1245,230
976,230
668,230
960,230
780,230
1148,231
242,231
428,231
10,231
188,231
49,232
1246,232
1182,232
1123,232
783,232
1019,232
345,232
127,232
964,232
364,232
1135,233
116,233
947,233
603,233
453,233
220,233
28,233
1049,233
102,233
559,233
119,233
903,233
366,233
939,233
302,233
561,233
1247,233
798,233
801,233
54,233
810,233
932,233
261,233
382,233
885,233
312,233
957,233
1038,233
1248,233
569,233
822,233
1114,233
1138,233
936,233
1077,233
534,233
1053,233
1059,233
777,233
387,233
844,233
1249,233
778,233
450,233
1250,233
356,233
746,234
1048,234
102,234
881,234
366,234
1251,234
652,234
814,234
568,234
1252,234
311,234
235,234
693,234
738,234
575,234
14,234
1253,234
780,234
51,235
416,235
1254,235
1194,235
846,235
144,236
760,236
1255,236
399,236
717,236
1010,236
28,237
278,237
307,237
757,237
758,237
448,237
556,238
407,238
416,238
863,238
14,238
350,238
1008,238
856,239
587,239
906,239
119,239
29,239
302,239
1065,239
1256,239
311,239
372,239
350,239
581,239
555,240
458,240
0,240
558,240
52,240
713,240
114,240
1257,240
831,240
1258,240
581,240
459,241
51,241
781,241
952,241
416,241
1259,241
632,241
154,241
838,241
584,241
741,241
1148,242
719,242
30,242
720,242
1221,242
1222,242
1223,242
1260,242
13,242
339,243
275,243
897,243
277,243
615,243
616,243
829,243
610,243
835,243
286,243
1261,244
403,244
1262,244
1263,244
527,244
1264,244
1102,244
339,245
1261,245
794,245
897,245
1265,245
233,245
817,245
72,245
938,245
611,245
1195,246
112,246
10,246
1023,246
496,246
149,246
1024,246
1266,247
1029,247
1204,247
536,247
989,247
479,247
196,247
1021,248
35,248
98,248
853,248
14,248
198,248
136,248
1086,249
963,249
277,249
1209,249
954,249
509,249
35,249
98,249
196,249
198,249
136,249
487,249
538,250
1029,250
1267,250
628,250
2,250
1013,250
182,251
1268,251
51,251
1269,251
1041,251
123,251
1270,251
231,251
113,251
885,251
159,251
1271,251
1272,251
10,251
383,251
195,251
496,251
252,251
348,251
350,251
596,251
1273,251
1015,251
1013,251
647,252
219,252
800,252
1044,252
240,252
1274,252
1163,252
830,252
1244,253
498,253
1275,253
19,253
689,253
1276,253
527,253
1277,253
937,253
1102,253
786,254
16,254
1278,254
1236,254
463,254
1104,254
1279,254
469,254
430,254
481,254
483,254
485,254
752,255
145,255
802,255
899,255
401,255
1086,256
100,256
143,256
1268,256
59,256
1238,256
1280,257
51,257
1065,257
52,257
1281,257
1113,257
775,257
1175,257
836,257
218,258
116,258
1149,258
1282,258
923,258
674,258
1103,258
790,258
275,258
1049,258
792,258
1235,258
156,258
145,258
48,258
1110,258
276,258
1283,258
1280,258
939,258
392,258
1111,258
864,258
754,258
52,258
889,258
1284,258
1275,258
1285,258
415,258
1221,258
654,258
1245,258
656,258
113,258
513,258
639,258
761,258
65,258
9,258
68,258
750,258
233,258
957,258
1057,258
71,258
1286,258
126,258
1201,258
825,258
237,258
992,258
619,258
77,258
314,258
500,258
480,258
196,258
252,258
836,258
890,258
844,258
845,258
846,258
699,258
672,258
255,258
452,258
996,258
257,258
319,258
950,259
608,259
614,259
169,259
615,259
175,259
773,259
711,259
740,259
148,259
1046,259
674,260
795,260
133,260
154,260
272,260
1287,260
556,261
641,261
660,261
873,261
183,261
417,261
808,261
307,261
69,261
590,261
431,261
1173,261
1156,261
1061,261
847,261
1288,261
974,262
1289,262
726,262
1074,262
645,262
46,263
1283,263
688,263
8,263
367,263
1271,263
367,264
509,264
527,264
443,264
681,264
923,265
850,265
863,265
697,265
842,265
1003,266
962,266
557,266
320,266
180,266
29,266
875,266
566,266
728,266
973,266
236,266
1255,266
575,266
919,266
249,266
21,266
1140,266
1243,266
48,267
1143,267
1268,267
1290,267
1291,267
1292,267
1293,267
1294,268
1017,268
51,268
1295,268
140,268
1290,268
1296,268
132,268
475,268
1029,269
153,269
1220,269
176,269
36,269
285,269
41,269
585,269
28,270
225,270
1297,270
858,270
1202,270
272,270
913,270
867,271
1204,271
704,271
396,271
160,271
496,271
999,272
51,272
467,272
133,272
475,272
1004,273
693,273
697,273
836,273
1187,273
223,274
1298,274
1045,274
816,274
280,274
476,274
387,274
870,275
54,275
1299,275
1141,275
529,275
368,275
608,276
1162,276
1300,276
1066,276
593,276
1027,276
442,276
684,277
377,277
1301,277
143,277
634,277
1302,277
381,277
22,277
46,278
1283,278
329,278
883,278
56,278
379,278
420,278
1070,278
721,278
20,278
727,278
1303,278
1194,278
1052,278
1085,278
215,278
22,278
786,279
457,279
1196,279
459,279
190,279
1304,279
766,279
17,279
1131,279
182,279
51,279
104,279
163,279
1039,279
1295,279
465,279
139,279
260,279
183,279
1174,279
164,279
141,279
1245,279
191,279
472,279
1220,279
176,279
232,279
1260,279
868,279
474,279
989,279
1305,279
280,279
206,279
476,279
477,279
710,279
478,279
1126,279
10,279
900,279
26,279
479,279
195,279
484,279
1306,279
95,279
553,279
350,279
486,279
99,279
487,279
1013,279
199,279
489,279
1008,279
0,280
18,280
625,280
796,280
1302,280
1307,280
19,280
1308,280
373,280
213,280
839,280
890,280
1007,280
44,281
329,281
1142,281
934,281
1253,281
450,281
784,282
799,282
526,282
636,282
78,282
758,282
673,283
1148,283
1188,283
1151,283
32,283
1220,283
1048,284
544,284
409,284
1309,284
585,284
1240,285
216,285
947,285
603,285
1109,285
685,285
1282,285
1310,285
460,285
587,285
1301,285
275,285
965,285
926,285
143,285
0,285
1110,285
11,285
51,285
302,285
1186,285
323,285
53,285
850,285
1284,285
803,285
414,285
415,285
1068,285
812,285
932,285
1152,285
940,285
1309,285
62,285
1311,285
656,285
492,285
1312,285
954,285
816,285
428,285
773,285
309,285
502,285
279,285
818,285
71,285
935,285
72,285
825,285
1313,285
593,285
739,285
578,285
81,285
83,285
456,285
758,285
296,285
317,285
842,285
622,285
1129,285
451,285
1054,285
1314,285
257,285
1315,285
1049,286
799,286
808,286
425,286
773,286
280,286
640,286
295,286
993,286
85,286
253,286
88,286
1117,287
1157,287
30,287
1025,287
969,287
442,287
1316,287
16,288
643,288
51,288
61,288
485,288
634,289
391,289
1317,289
1318,289
1205,289
807,289
1319,289
1311,289
1132,289
571,289
203,289
1140,289
442,289
1098,290
1174,290
421,290
1201,290
397,290
785,291
1130,291
1320,291
1301,291
1295,291
1023,291
165,291
977,291
678,292
1018,292
1020,292
680,292
681,292
968,293
549,293
891,293
1307,293
1321,293
811,293
709,293
1201,293
431,293
1019,293
698,293
1088,294
927,294
532,294
795,294
754,294
502,294
546,294
861,294
547,294
1129,294
1003,295
1180,295
791,295
560,295
795,295
874,295
62,295
428,295
280,295
246,295
973,295
828,295
21,295
1032,295
696,295
1213,295
834,295
597,295
845,295
583,295
328,295
997,295
200,296
722,296
1152,296
1106,296
208,296
268,297
828,297
878,297
215,297
27,297
1322,297
718,298
647,298
221,298
523,298
978,298
168,298
185,298
1022,298
471,298
908,298
1259,298
479,298
1224,298
725,298
1013,298
544,299
650,299
654,299
721,299
428,299
429,299
750,299
844,299
1323,300
18,300
1324,300
878,300
97,300
712,300
347,300
348,300
287,300
1039,301
651,301
1095,301
215,301
486,301
1325,301
598,301
671,301
1177,302
5,302
48,302
241,302
1113,302
1326,302
250,302
136,302
1007,302
1327,303
1055,303
1234,303
1328,303
221,303
1226,303
48,303
151,303
468,303
552,303
370,303
1050,303
292,303
294,303
499,303
909,303
829,303
832,303
764,303
1329,303
4,303
1330,303
196,303
905,303
1024,303
136,303
962,304
848,304
1320,304
1136,304
1110,304
1241,304
798,304
588,304
1318,304
756,304
812,304
866,304
1274,304
1070,304
1124,304
1331,304
431,304
990,304
573,304
215,304
1332,304
1176,304
480,304
1032,304
921,304
595,304
553,304
209,304
875,305
1209,305
1333,305
533,305
1259,305
1242,305
1150,306
1334,306
182,306
12,306
1335,306
25,306
431,306
618,306
325,306
717,306
844,306
857,307
1185,307
1093,307
1121,307
244,307
1038,307
921,307
841,307
18,308
560,308
340,308
357,308
1041,308
1336,308
582,308
48,309
939,309
882,309
240,309
1337,309
1338,309
1339,309
619,309
387,309
701,310
1109,310
889,310
929,310
506,310
1285,310
428,310
1218,310
72,310
976,310
373,310
489,310
289,311
1066,311
1340,311
72,311
1341,311
78,311
1232,311
84,311
316,311
1342,311
320,312
1343,312
969,312
541,312
250,312
1288,312
554,313
523,313
793,313
60,313
1223,313
616,313
788,314
649,314
392,314
1089,314
652,314
772,314
20,314
610,314
18,315
1082,315
20,315
1344,315
1308,315
504,315
1303,315
127,315
385,315
374,315
15,315
1345,315
1327,316
1307,316
309,316
1308,316
504,316
635,317
822,317
895,317
326,317
352,317
189,318
171,318
166,318
102,318
1346,318
153,318
35,318
1126,318
1347,318
1160,318
835,318
1327,319
116,319
1214,319
1017,319
54,319
122,319
309,319
1344,319
1308,319
1277,319
1348,319
338,319
450,319
1345,319
1315,319
216,320
1103,320
562,320
169,320
655,320
815,320
819,320
648,321
531,321
259,321
897,321
51,321
771,321
803,321
262,321
1245,321
862,321
710,321
1084,321
717,321
844,321
1102,321
129,322
984,322
1301,322
200,322
103,322
168,322
130,322
539,322
469,322
202,322
10,322
1165,322
1261,323
366,323
1122,323
998,323
728,323
919,323
97,323
1316,323
369,323
915,324
662,324
801,324
815,324
861,324
717,324
48,325
1349,325
976,325
165,325
313,325
1350,326
586,326
460,326
200,326
51,326
36,326
44,327
91,327
51,327
1121,327
773,327
159,327
515,327
193,327
154,327
39,327
181,328
110,328
105,328
1291,328
36,328
156,329
17,329
1118,329
140,329
1349,329
205,329
714,329
1351,329
89,329
787,330
1180,330
544,330
51,330
323,330
1263,330
469,330
550,330
79,330
1352,330
446,330
699,330
1310,331
950,331
16,331
524,331
882,331
1247,331
382,331
1199,331
1230,331
1353,331
125,331
758,331
274,332
528,332
235,332
1303,332
959,332
543,332
1166,332
252,332
553,332
582,332
47,333
933,333
433,333
107,333
846,333
220,334
268,334
428,334
1140,334
1145,334
1309,335
1076,335
594,335
77,335
1354,335
40,335
648,336
220,336
525,336
650,336
20,336
395,336
219,337
1039,337
563,337
8,337
421,337
111,337
1070,337
9,337
20,337
203,337
1355,337
1196,338
612,338
604,338
30,338
104,338
945,338
1114,338
1224,338
1189,339
108,339
519,339
151,339
1356,339
189,340
116,340
1251,340
52,340
8,340
665,340
386,340
1332,340
1140,340
266,340
1253,340
450,340
1054,340
624,341
562,341
563,341
858,341
630,341
1010,341
870,342
220,342
642,342
1169,342
429,342
75,342
1257,342
441,342
1178,343
277,343
436,343
1090,343
1210,343
273,344
601,344
46,344
950,344
588,344
1044,344
20,344
395,344
265,344
717,344
901,344
1088,345
1,345
399,345
196,345
170,345
339,346
647,346
770,346
111,346
520,346
973,346
253,346
843,346
116,347
1109,347
118,347
857,347
1247,347
1186,347
329,347
770,347
510,347
1133,347
107,347
936,347
912,347
525,348
544,348
419,348
513,348
943,348
902,349
1109,349
600,349
459,349
792,349
0,349
224,349
229,349
816,349
1254,349
1208,349
136,349
1282,350
968,350
953,350
381,350
630,350
346,350
1088,351
718,351
742,351
601,351
46,351
950,351
0,351
1298,351
406,351
30,351
864,351
409,351
411,351
588,351
491,351
1041,351
55,351
1106,351
814,351
665,351
1252,351
533,351
279,351
941,351
235,351
247,351
484,351
621,351
317,351
529,351
1081,351
844,351
1253,351
718,352
1178,352
1098,352
392,352
945,352
1056,352
886,352
842,352
505,353
984,353
366,353
724,353
1275,353
341,353
467,353
883,353
19,353
336,353
886,353
1353,353
822,353
77,353
718,354
549,354
1269,354
1256,354
884,354
1198,354
1276,354
958,354
1019,354
196,354
530,354
1024,354
450,354
1357,355
1327,355
0,355
18,355
951,355
1307,355
1344,355
1308,355
1303,355
314,355
718,356
392,356
1186,356
175,356
616,356
776,356
970,357
1278,357
1084,357
40,357
1358,357
785,358
1057,358
1335,358
992,358
86,358
719,359
1359,359
548,359
612,359
400,359
1179,359
671,359
547,359
1115,360
302,360
1111,360
804,360
931,360
279,360
744,360
250,360
641,361
53,361
930,361
891,361
807,361
454,361
1033,362
182,362
162,362
1349,362
1012,362
1057,362
13,362
829,362
669,362
1145,362
1250,362
1239,363
674,363
1048,363
90,363
145,363
1107,363
1317,364
162,364
56,364
125,364
1360,364
764,364
45,365
702,365
123,365
1158,365
820,365
20,365
351,365
718,366
220,366
302,366
8,366
819,366
44,367
1268,367
1279,367
31,367
988,367
185,367
309,367
373,367
1361,367
376,368
1362,368
1304,368
143,368
1363,368
800,368
31,368
891,368
1042,368
678,368
192,368
114,368
159,368
475,368
537,368
1348,368
39,368
198,368
199,368
1143,369
181,369
322,369
1364,369
1335,369
852,369
730,369
1027,369
717,369
44,370
96,370
1305,370
730,370
680,370
172,371
586,371
1116,371
464,371
1365,371
472,371
26,371
1332,371
194,371
486,371
1157,372
793,372
726,372
419,372
449,372
488,372
718,373
407,373
357,373
729,373
4,373
843,373
352,373
51,374
1205,374
981,374
1087,374
1198,374
134,374
202,374
36,374
543,374
38,374
5,375
1197,375
37,375
543,375
333,375
582,375
517,375
1273,375
984,376
1149,376
1320,376
461,376
301,376
1317,376
1104,376
130,376
1343,376
967,376
865,376
540,376
1087,376
65,376
202,376
25,376
575,376
83,376
195,376
1228,376
1081,376
89,376
170,376
856,377
118,377
1366,377
18,377
120,377
820,377
1367,377
173,378
1365,378
35,378
821,378
437,378
313,378
438,378
904,378
1017,379
1368,379
64,379
386,379
1128,379
621,379
705,379
633,380
734,380
335,380
341,380
19,380
1270,380
1132,380
1369,380
1370,380
333,380
1351,380
633,381
353,381
167,381
18,381
1017,381
1357,381
7,381
32,381
64,381
492,381
455,381
709,381
1371,381
573,381
609,381
837,381
347,381
317,381
1351,381
1372,382
1017,382
380,382
342,382
543,382
1273,382
136,382
984,383
109,383
1267,383
130,383
1220,383
1324,383
203,383
44,384
1035,384
987,384
1321,384
1364,384
174,384
192,384
455,384
475,384
1305,384
396,384
313,384
1348,384
543,384
1232,384
272,384
197,384
1373,385
370,385
442,385
364,385
368,385
1374,386
726,386
714,386
527,386
1133,386
737,387
1100,387
1017,387
915,387
1375,387
1169,387
378,387
952,387
413,387
341,387
1233,387
324,387
1376,387
1377,387
892,387
807,387
1025,387
344,387
1101,387
550,387
205,387
1378,387
516,387
1231,387
591,387
1271,387
822,387
237,387
494,387
909,387
920,387
1080,387
1258,387
748,387
529,387
521,387
1054,387
104,388
916,388
1105,388
421,388
617,388
10,388
83,388
317,388
223,389
239,389
976,389
1379,389
1322,389
970,390
146,390
1274,390
869,390
431,390
1380,390
1168,390
587,391
526,391
940,391
1254,391
695,391
1381,391
1036,391
338,391
790,392
1,392
270,392
937,392
542,392
376,393
1214,393
586,393
457,393
459,393
1382,393
1235,393
16,393
1268,393
51,393
464,393
465,393
471,393
473,393
159,393
480,393
483,393
1237,393
1383,393
486,393
99,393
1191,393
765,394
1149,394
18,394
561,394
1270,394
1112,394
456,394
779,394
888,394
23,395
674,395
1030,395
677,395
815,395
737,396
18,396
336,396
665,396
1184,396
577,396
350,396
888,396
913,396
1129,396
354,397
118,397
1146,397
347,397
351,397
1148,398
1109,398
1304,398
1035,398
302,398
875,398
1152,398
1265,398
1333,398
159,398
1208,398
1356,398
1058,398
271,398
982,398
849,399
1373,399
638,399
1146,399
347,399
223,400
406,400
1162,400
1004,400
1145,400
376,401
224,401
55,401
865,401
382,401
1384,401
138,402
1385,402
1362,402
1386,402
1118,402
1290,402
1291,402
716,402
320,403
1095,403
203,403
215,403
1325,403
204,404
800,404
883,404
1265,404
428,404
398,404
1329,404
1099,404
673,405
1086,405
100,405
258,405
1385,405
167,405
1149,405
1029,405
1304,405
1143,405
1035,405
1241,405
110,405
564,405
1291,405
1364,405
96,405
307,405
1296,405
192,405
35,405
280,405
36,405
936,405
83,405
482,405
38,405
1238,405
198,405
1387,405
459,406
925,406
650,406
929,406
563,406
8,406
756,406
566,406
654,406
513,406
244,406
429,406
541,406
215,406
840,406
1322,406
1239,407
411,407
773,407
822,407
711,407
992,407
718,408
57,408
175,408
862,408
990,408
900,408
1176,408
1224,408
926,409
963,409
804,409
805,409
552,409
428,409
693,409
1243,409
180,410
868,410
10,410
774,410
154,410
1351,410
1040,411
634,411
1063,411
1376,411
343,411
1101,411
166,412
5,412
378,412
361,412
1170,412
516,412
394,412
478,412
525,413
1185,413
526,413
57,413
419,413
998,413
125,413
527,413
1367,413
630,413
631,413
1264,413
529,413
452,413
102,414
245,414
1388,414
1389,414
845,414
258,415
222,415
102,415
1283,415
30,415
688,415
1276,415
1271,415
827,415
21,415
1390,415
871,415
733,415
361,416
756,416
1198,416
762,416
980,416
1201,416
433,416
994,416
384,416
321,417
283,417
495,417
1032,417
1001,417
1363,418
1161,418
366,418
1137,418
502,418
203,418
921,418
338,418
733,418
116,419
1055,419
1391,419
1266,419
786,419
684,419
1109,419
1362,419
5,419
867,419
1215,419
290,419
625,419
490,419
1392,419
302,419
1300,419
702,419
526,419
1205,419
32,419
57,419
1050,419
1256,419
1291,419
111,419
1152,419
1309,419
502,419
279,419
263,419
20,419
714,419
695,419
829,419
314,419
83,419
697,419
580,419
1370,419
698,419
317,419
681,419
1315,419
1017,420
1297,420
1257,420
442,420
672,420
562,421
151,421
74,421
739,421
672,421
42,422
1043,422
549,422
1262,422
140,422
56,422
428,422
479,422
995,422
1060,422
105,423
205,423
69,423
35,423
1165,423
182,424
1039,424
96,424
1132,424
10,424
396,424
203,424
1212,424
1383,424
1393,424
1394,424
486,424
1028,425
392,425
762,425
679,425
645,425
160,425
715,425
385,425
1040,426
96,426
679,426
35,426
900,426
203,426
1016,427
18,427
49,427
1341,427
831,427
339,428
353,428
273,428
166,428
1266,428
117,428
457,428
46,428
1366,428
102,428
120,428
29,428
1392,428
378,428
726,428
410,428
411,428
589,428
7,428
414,428
8,428
1340,428
808,428
1025,428
1395,428
1371,428
1170,428
1396,428
1397,428
694,428
593,428
325,428
383,428
1194,428
127,428
1156,428
250,428
1361,428
1370,428
890,428
363,428
338,428
1316,428
1013,428
512,428
488,428
700,428
167,429
589,429
123,429
157,429
1398,429
1101,429
1158,429
1396,429
1226,430
360,430
1087,430
852,430
1213,430
736,430
1017,431
1128,431
1330,431
521,431
859,431
222,432
968,432
1144,432
30,432
428,432
236,432
84,432
1102,432
377,433
1373,433
241,433
1170,433
338,433
116,434
360,434
119,434
782,434
520,434
852,434
1077,434
1005,434
681,434
700,434
1021,435
200,435
322,435
10,435
1387,435
789,436
377,436
48,436
807,436
291,436
1051,436
942,436
1194,436
829,436
848,437
220,437
538,437
102,437
686,437
412,437
689,437
395,437
714,437
1341,437
529,437
138,438
1235,438
493,438
159,438
10,438
1009,438
285,438
907,438
1387,438
522,439
171,439
586,439
1295,439
131,439
475,439
93,439
853,439
42,440
1028,440
460,440
539,440
59,440
474,440
197,440
1343,441
1395,441
348,441
449,441
352,441
737,442
218,442
1152,442
935,442
1211,442
1389,442
779,442
633,443
116,443
787,443
734,443
143,443
1017,443
414,443
782,443
1365,443
1184,443
537,443
1128,443
333,443
1315,443
674,444
461,444
51,444
31,444
1094,444
673,445
660,445
1020,445
1360,445
907,445
1011,446
806,446
215,446
315,446
338,446
449,446
18,447
1162,447
241,447
1079,447
315,447
347,447
449,447
914,448
357,448
345,448
314,448
351,448
369,448
167,449
1357,449
506,449
1347,449
374,449
353,450
358,450
18,450
344,450
691,450
346,450
45,451
638,451
337,451
1094,451
1019,451
1362,452
924,452
660,452
1040,452
635,452
1057,452
1276,452
695,452
149,452
1244,453
966,453
952,453
205,453
1399,453
338,453
449,453
662,454
277,454
1395,454
691,454
575,454
543,454
1330,454
1046,454
375,454
914,455
143,455
366,455
1091,455
329,455
663,455
969,455
423,455
147,455
572,455
575,455
1212,455
834,455
1081,455
339,456
44,456
734,456
366,456
52,456
1045,456
811,456
656,456
386,456
694,456
744,456
264,456
14,456
54,457
20,457
694,457
396,457
1140,457
853,457
580,457
189,458
102,458
462,458
643,458
1400,458
1267,458
340,458
799,458
1083,458
1151,458
139,458
1401,458
205,458
1254,458
207,458
670,458
1009,458
887,458
483,458
385,458
363,458
596,458
1010,458
731,458
1061,458
89,458
524,459
908,459
438,459
910,459
1168,459
115,460
358,460
329,460
1343,460
379,460
664,460
168,461
1270,461
773,461
573,461
1061,461
360,462
559,462
153,462
665,462
712,462
621,462
142,463
867,463
557,463
1363,463
604,463
1035,463
1402,463
361,463
1368,463
60,463
866,463
245,463
70,463
1403,463
154,463
213,463
375,463
1033,464
245,464
1114,464
1277,464
383,464
154,464
1385,465
674,465
1304,465
766,465
91,465
461,465
276,465
1118,465
724,465
329,465
1295,465
1192,465
1364,465
96,465
1296,465
186,465
1227,465
1305,465
280,465
187,465
1019,465
680,465
757,465
83,465
1383,465
838,465
698,465
733,465
1387,465
1111,466
1045,466
1106,466
212,466
1080,466
84,466
660,467
939,467
1119,467
1056,467
504,467
739,467
764,467
317,467
949,468
911,468
624,468
366,468
302,468
235,468
968,469
754,469
110,469
1044,469
1057,469
1276,469
13,469
877,469
302,470
929,470
291,470
1012,470
279,470
957,470
436,470
137,470
737,471
18,471
588,471
952,471
277,471
54,471
309,471
1202,471
18,472
1404,472
1373,472
1324,472
1336,472
904,472
1314,472
151,473
242,473
653,473
696,473
514,473
632,473
338,473
217,474
1405,474
1223,474
878,474
1406,474
835,474
30,475
916,475
341,475
54,475
892,475
545,475
714,475
237,475
494,475
203,475
912,475
920,475
921,475
338,475
913,475
22,475
11,476
278,476
1199,476
989,476
938,476
1015,476
953,477
729,477
1032,477
1264,477
843,477
389,478
623,478
16,478
1407,478
269,478
1252,478
1292,478
546,478
281,478
23,479
555,479
405,479
48,479
1251,479
562,479
62,479
243,479
75,479
26,479
861,479
938,479
1061,479
1064,480
807,480
565,480
111,480
1255,480
326,480
443,480
189,481
46,481
524,481
52,481
986,481
158,481
942,481
20,481
666,481
576,481
877,481
541,481
919,481
215,481
1408,481
179,482
1190,482
1311,482
956,482
1408,482
1351,482
965,483
112,483
1133,483
1408,483
387,483
1090,483
1181,484
660,484
412,484
1275,484
215,484
334,484
1236,485
1279,485
930,485
1332,485
194,485
251,485
487,485
1327,486
752,486
1215,486
1181,486
1063,486
759,486
849,486
367,486
510,486
1315,486
167,487
1366,487
1269,487
64,487
1371,487
1396,487
1077,487
80,487
681,487
1372,488
1366,488
18,488
1017,488
110,488
492,488
1396,488
1347,488
386,488
504,488
363,488
705,488
1273,488
189,489
320,489
726,489
868,489
383,489
962,490
361,490
541,490
895,490
847,490
1309,491
1076,491
73,491
636,491
1193,491
777,491
338,491
1196,492
1130,492
5,492
276,492
857,492
467,492
278,492
1082,492
1217,492
1338,492
516,492
871,492
1394,492
1253,492
961,492
404,493
1215,493
125,493
496,493
1097,493
971,494
320,494
29,494
228,494
367,494
425,494
704,494
1018,494
80,494
871,494
210,495
200,495
109,495
1041,495
10,495
285,495
1249,495
1385,496
1150,496
130,496
35,496
715,496
19,497
169,497
756,497
1094,497
312,497
658,497
1272,497
13,497
1126,497
80,497
284,497
880,497
1046,497
1090,497
596,497
272,497
1147,497
1167,497
170,497
662,498
211,498
1026,498
537,498
1034,498
859,498
169,499
545,499
822,499
1194,499
551,499
564,500
805,500
56,500
157,500
148,500
1140,500
835,500
1242,500
1115,501
1143,501
987,501
131,501
681,501
1015,501
1350,502
999,502
560,502
1204,502
506,502
1401,502
1154,502
1016,503
218,503
1003,503
119,503
624,503
225,503
795,503
650,503
613,503
392,503
614,503
56,503
570,503
944,503
431,503
1313,503
619,503
1176,503
1032,503
631,503
1000,503
834,503
1179,503
901,503
725,503
856,504
1409,504
320,504
1017,504
759,504
1219,504
1302,504
379,504
1365,504
61,504
337,504
1158,504
1125,504
206,504
528,504
1259,504
1336,504
1079,504
751,504
1202,504
315,504
497,504
338,504
529,504
705,504
731,504
449,504
360,505
1017,505
1317,505
211,505
19,505
1221,505
344,505
309,505
1388,505
1347,505
620,505
1147,505
705,505
1273,505
116,506
172,506
5,506
51,506
745,506
54,506
808,506
1087,506
1123,506
820,506
1388,506
1034,506
859,506
189,507
1374,507
505,507
1157,507
1289,507
1382,507
524,507
49,507
1375,507
726,507
1343,507
7,507
362,507
664,507
1159,507
510,507
1075,507
37,507
315,507
964,507
338,507
368,507
1351,507
1191,507
449,507
167,508
1372,508
120,508
54,508
343,508
1398,508
374,508
86,508
1372,509
1246,509
1066,509
1398,509
1072,509
691,509
1213,509
767,510
866,510
1164,510
1410,510
699,510
1409,511
45,511
559,511
506,511
121,511
367,511
1074,511
97,511
621,511
587,512
524,512
391,512
104,512
1321,512
960,512
906,513
433,513
1173,513
439,513
512,513
608,514
1246,514
702,514
663,514
112,514
955,514
1390,514
1010,514
179,515
1385,515
1150,515
17,515
161,515
329,515
954,515
114,515
475,515
35,515
126,515
937,515
716,515
2,515
481,515
384,515
982,515
1007,515
0,516
260,516
414,516
657,516
958,516
712,516
166,517
1310,517
911,517
200,517
857,517
1093,517
1318,517
762,517
10,517
1023,517
250,517
609,517
252,517
1345,517
259,518
1278,518
507,518
1318,518
602,518
10,518
1240,519
216,519
1391,519
747,519
922,519
753,519
102,519
1363,519
793,519
50,519
302,519
726,519
707,519
1089,519
122,519
1119,519
1407,519
1120,519
1411,519
60,519
1412,519
242,519
1152,519
940,519
307,519
63,519
186,519
9,519
1396,519
1038,519
263,519
71,519
935,519
572,519
1344,519
1277,519
575,519
877,519
504,519
127,519
739,519
1379,519
79,519
579,519
398,519
1355,519
1053,519
251,519
1408,519
1354,519
296,519
317,519
529,519
581,519
598,519
847,519
1242,519
1103,520
106,520
667,520
961,520
1007,520
1055,521
1391,521
28,521
924,521
0,521
276,521
163,521
411,521
467,521
988,521
164,521
1050,521
743,521
940,521
425,521
975,521
20,521
527,521
72,521
1347,521
1303,521
1329,521
839,521
1389,521
854,521
584,521
1382,522
411,522
1368,522
384,522
1191,522
118,523
732,523
726,523
240,523
67,523
1413,523
729,523
1350,524
1266,524
1188,524
142,524
320,524
182,524
8,524
268,524
728,524
1051,524
1308,524
248,524
1355,524
1414,524
598,524
747,525
459,525
624,525
882,525
1091,525
465,525
565,525
473,525
478,525
1237,525
674,526
675,526
13,526
1019,526
680,526
302,527
806,527
975,527
591,527
20,527
1376,528
355,528
602,528
499,528
1059,528
1415,529
1025,529
347,529
1010,529
351,529
1188,530
101,530
1029,530
930,530
1346,530
1414,530
150,530
734,531
259,531
726,531
651,531
807,531
355,531
815,531
1416,531
36,531
958,531
1076,531
236,531
825,531
1263,532
455,532
1406,532
1140,532
1408,532
376,533
540,533
114,533
783,533
977,533
1350,534
1021,534
1278,534
1165,534
1414,534
1117,535
1392,535
1025,535
955,535
666,535
433,535
23,536
1155,536
1402,536
466,536
428,536
1384,536
711,536
877,536
595,536
547,536
263,537
1058,537
10,537
1127,537
1273,537
463,538
92,538
711,538
481,538
154,538
485,538
339,539
1407,539
776,539
127,539
1154,539
741,539
789,540
798,540
564,540
810,540
243,540
207,540
742,541
184,541
990,541
396,541
844,541
996,541
324,542
469,542
493,542
9,542
838,542
718,543
1323,543
625,543
661,543
726,543
491,543
1045,543
332,543
1341,543
1156,543
994,543
595,543
733,543
1145,543
699,543
319,543
366,544
7,544
343,544
424,544
337,544
1158,544
908,544
574,544
1336,544
86,544
445,544
167,545
1372,545
1412,545
543,545
1330,545
374,545
349,545
375,545
354,546
1181,546
1162,546
52,546
645,546
1193,546
403,547
144,547
793,547
411,547
811,547
61,547
113,547
785,548
1346,548
367,548
437,548
383,548
1023,548
1417,548
1393,548
512,548
339,549
118,549
321,549
893,549
309,549
1370,549
102,550
661,550
652,550
270,550
542,550
327,550
1372,551
966,551
124,551
1101,551
894,551
1367,551
1101,552
187,552
10,552
1023,552
160,552
1355,552
1053,552
950,553
795,553
1246,553
1182,553
1229,553
372,553
51,554
1302,554
1124,554
1146,554
10,554
437,554
3,554
1414,554
1287,554
949,555
552,555
657,555
455,555
533,555
238,555
76,555
578,555
696,555
904,555
1129,555
267,555
100,556
1236,556
1279,556
1401,556
891,556
865,556
278,556
113,556
1018,556
36,556
1006,556
551,556
39,556
178,556
198,556
487,556
1418,557
524,557
1169,557
909,557
348,557
1374,558
924,558
408,558
545,558
714,558
1329,558
1203,558
211,559
10,559
212,559
1342,559
447,559
950,560
1298,560
1045,560
1101,560
750,560
1100,561
409,561
336,561
1399,561
1330,561
950,562
341,562
1233,562
750,562
1203,562
1090,562
447,562
1115,563
889,563
713,563
324,563
1377,563
811,563
815,563
1378,563
714,563
860,563
919,563
84,563
196,563
317,563
368,563
1282,564
359,564
174,564
471,564
135,564
78,564
1329,564
1414,564
24,565
538,565
1301,565
146,565
1317,565
1419,565
1,565
230,565
186,565
1026,565
1052,565
1212,565
1046,565
1034,565
285,565
1273,565
365,566
224,566
468,566
805,566
308,566
1381,566
48,567
850,567
863,567
482,567
840,567
318,567
752,568
221,568
753,568
498,568
1375,568
1297,568
1251,568
1041,568
689,568
268,568
1199,568
773,568
533,568
877,568
594,568
84,568
846,568
100,569
1294,569
1131,569
644,569
1295,569
31,569
96,569
627,569
72,569
774,569
377,570
329,570
1365,570
106,570
352,570
971,571
795,571
855,571
562,571
654,571
1416,571
434,571
1156,571
1329,571
0,572
535,572
864,572
409,572
1119,572
194,572
529,572
637,573
1112,573
456,573
251,573
597,573
682,574
216,574
1149,574
922,574
220,574
923,574
1130,574
46,574
460,574
791,574
558,574
872,574
290,574
1110,574
490,574
50,574
464,574
1247,574
798,574
1284,574
930,574
1407,574
1120,574
508,574
1411,574
381,574
932,574
278,574
814,574
261,574
513,574
658,574
640,574
520,574
1353,574
710,574
1218,574
823,574
935,574
72,574
1138,574
1153,574
26,574
79,574
579,574
82,574
534,574
831,574
1211,574
251,574
1060,574
1037,574
296,574
581,574
778,574
725,574
256,574
356,574
903,575
1334,575
743,575
513,575
79,575
124,576
1396,576
627,576
628,576
631,576
30,577
808,577
618,577
895,577
21,577
84,577
752,578
1374,578
505,578
1214,578
1180,578
46,578
5,578
1116,578
102,578
1181,578
1375,578
366,578
1392,578
745,578
411,578
986,578
211,578
883,578
419,578
536,578
969,578
1265,578
1123,578
1132,578
337,578
1395,578
331,578
1124,578
134,578
1125,578
1396,578
735,578
1026,578
1276,578
1397,578
281,578
822,578
20,578
1388,578
694,578
571,578
396,578
1019,578
503,578
203,578
383,578
127,578
373,578
86,578
529,578
1325,578
521,578
445,578
584,578
512,578
1247,579
157,579
1312,579
1138,579
877,579
537,579
837,579
634,580
662,580
56,580
19,580
1319,580
636,580
1000,580
1264,580
103,581
1402,581
732,581
1300,581
588,581
1158,581
97,581
154,581
99,581
327,581
355,582
381,582
424,582
516,582
486,582
584,582
334,582
1234,583
459,583
1207,583
201,583
1058,583
711,583
1000,583
154,583
170,583
673,584
1121,584
762,584
1023,584
977,584
363,584
1314,584
586,585
1017,585
201,585
536,585
540,585
1199,585
92,585
160,585
193,585
551,585
1016,586
1171,586
634,586
491,586
743,586
493,586
10,586
295,586
189,587
339,587
321,587
409,587
379,587
1412,587
1052,587
188,587
443,587
1180,588
5,588
366,588
411,588
1340,588
704,588
203,588
497,588
1361,588
348,588
217,589
453,589
1334,589
767,589
1092,589
1281,589
519,589
19,589
616,589
1420,589
629,589
82,589
1403,589
456,589
197,589
1226,590
801,590
1205,590
891,590
551,590
514,590
1322,590
1382,591
1401,591
1377,591
202,591
1421,591
1160,591
963,592
430,592
1023,592
543,592
149,592
285,592
1015,592
1155,593
767,593
1402,593
1384,593
1420,593
995,593
88,593
547,593
189,594
1047,594
1195,594
1196,594
392,594
322,594
277,594
1174,594
123,594
420,594
470,594
159,594
645,594
715,594
194,594
385,594
1383,594
838,594
1034,594
1191,594
239,595
650,595
644,595
639,595
710,595
1059,595
718,596
1419,596
1356,596
13,596
1352,596
696,596
1034,596
1116,597
16,597
1269,597
1291,597
96,597
1019,597
1348,597
543,597
199,597
1109,598
391,598
1178,598
1292,598
1164,598
456,598
631,598
54,599
205,599
918,599
934,599
920,599
1036,599
177,599
144,600
1012,600
1272,600
315,600
580,600
1354,600
1249,600
1236,601
535,601
561,601
380,601
931,601
812,601
932,601
1112,601
760,601
279,601
680,601
611,601
170,601
690,602
1230,602
1271,602
992,602
1154,602
1109,603
220,603
1422,603
612,603
1110,603
463,603
1280,603
1327,603
104,603
801,603
1284,603
564,603
1137,603
1337,603
703,603
1112,603
1082,603
269,603
665,603
639,603
1038,603
692,603
1218,603
592,603
834,603
1211,603
779,603
888,603
256,603
1129,603
489,603
1033,604
685,604
1021,604
1304,604
745,604
979,604
234,604
1114,604
478,604
1139,604
683,605
167,605
389,605
687,605
707,605
1207,605
303,605
743,605
975,605
514,605
901,605
136,605
1028,606
1039,606
930,606
158,606
96,606
1026,606
106,606
437,606
1393,606
1387,606
89,606
531,607
794,607
301,607
1376,607
379,607
892,607
420,607
806,607
112,607
975,607
567,607
822,607
1138,607
1258,607
348,607
1215,608
1101,608
502,608
1213,608
1046,608
1115,609
708,609
230,609
982,609
1242,609
1172,610
221,610
1422,610
102,610
946,610
1356,610
647,611
1155,611
1266,611
47,611
766,611
226,611
1398,611
1031,611
815,611
1271,611
1126,611
84,611
1273,611
1278,612
563,612
234,612
853,612
596,612
801,613
866,613
1271,613
73,613
835,613
1322,613
217,614
1422,614
1421,614
165,614
250,614
630,614
905,614
116,615
167,615
118,615
1017,615
1317,615
277,615
19,615
1132,615
114,615
331,615
515,615
1371,615
1396,615
627,615
1184,615
439,615
609,615
1046,615
859,615
1315,615
167,616
1226,616
184,616
114,616
1128,616
752,617
765,617
881,617
654,617
1198,617
309,617
636,617
938,617
254,617
598,617
410,618
1222,618
174,618
124,618
194,618
497,618
443,618
1288,618
1100,619
299,619
1241,619
185,619
124,619
64,619
815,619
955,619
847,619
1129,619
660,620
799,620
260,620
1412,620
343,620
427,620
212,620
1258,620
84,620
347,620
797,621
260,621
1045,621
1192,621
1412,621
946,621
114,621
1073,621
626,621
950,622
1298,622
1063,622
434,622
1257,622
122,623
678,623
77,623
481,623
1213,623
154,623
43,624
747,624
1049,624
18,624
119,624
151,624
1105,624
1221,624
422,624
689,624
972,624
113,624
818,624
1338,624
264,624
350,624
888,624
625,625
54,625
1412,625
269,625
308,625
758,625
554,626
531,626
525,626
526,626
615,626
956,626
1103,627
706,627
644,627
421,627
66,627
833,627
1202,627
631,627
288,627
518,628
1035,628
1295,628
25,628
285,628
1177,629
1328,629
25,629
154,629
363,629
1255,630
435,630
909,630
1212,630
1232,630
168,631
567,631
709,631
627,631
504,631
1354,631
600,632
403,632
1283,632
1400,632
662,632
1376,632
19,632
1378,632
817,632
249,632
500,632
170,632
90,633
1144,633
1349,633
482,633
1414,633
1155,634
1103,634
660,634
978,634
967,634
492,634
1195,635
5,635
557,635
968,635
1226,635
872,635
793,635
54,635
157,635
866,635
70,635
1201,635
397,635
1243,635
444,635
401,635
970,636
604,636
876,636
1223,636
1224,636
1148,637
1359,637
612,637
1357,637
30,637
720,637
1221,637
815,637
886,637
467,638
1373,638
123,638
124,638
665,638
863,638
574,638
1097,638
737,639
48,639
462,639
1011,639
708,639
418,639
1270,639
472,639
85,639
40,639
802,640
491,640
1419,640
380,640
428,640
251,640
598,640
1210,640
189,641
1304,641
474,641
763,641
13,641
1052,641
1267,642
51,642
552,642
370,642
1254,642
1305,642
476,642
477,642
1016,643
1180,643
1415,643
892,643
1413,643
1324,643
1160,643
1228,643
86,643
287,643
488,643
737,644
824,644
132,644
1206,644
928,644
1267,644
1204,644
1205,644
1058,644
1335,644
711,644
1006,644
154,644
1393,644
547,644
1172,645
18,645
702,645
277,645
1423,645
169,645
309,645
1371,645
691,645
1184,645
852,645
1388,645
543,645
1128,645
1390,645
1147,645
446,645
1315,645
109,646
1267,646
65,646
509,646
1287,646
166,647
925,647
950,647
324,647
124,647
694,647
384,647
621,647
348,647
583,647
217,648
1171,648
950,648
1186,648
654,648
346,648
145,649
802,649
1419,649
1217,649
917,649
454,649
1339,649
251,649
844,649
598,649
558,650
1011,650
967,650
969,650
1075,650
20,650
1361,650
363,650
445,650
449,650
287,650
273,651
786,651
787,651
102,651
411,651
53,651
555,652
1407,652
187,652
476,652
1023,652
662,653
324,653
111,653
424,653
762,653
868,653
321,654
1035,654
564,654
1346,654
131,654
679,654
207,654
543,654
517,654
138,655
101,655
518,655
915,655
1143,655
322,655
936,655
203,655
197,655
1135,656
220,656
612,656
753,656
18,656
1186,656
57,656
1199,656
309,656
245,656
1396,656
1038,656
1257,656
1139,656
514,656
844,656
41,657
258,657
792,657
16,657
290,657
56,657
615,657
1274,657
1309,657
113,657
1424,657
372,657
1344,657
503,657
659,657
447,657
672,657
555,658
612,658
299,658
797,658
883,658
1084,658
992,658
1085,658
283,658
267,658
786,659
649,659
660,659
662,659
57,659
1221,659
810,659
111,659
64,659
550,659
114,659
309,659
1208,659
396,659
215,659
439,659
81,659
646,659
298,659
622,659
276,660
1400,660
1113,660
1138,660
431,660
215,660
607,660
220,661
276,661
1400,661
1392,661
562,661
417,661
1303,661
619,661
314,661
699,661
1239,662
366,662
419,662
134,662
1397,662
575,662
1206,662
383,662
705,662
189,663
118,663
974,663
102,663
1181,663
634,663
366,663
726,663
883,663
419,663
705,663
334,663
1282,664
1196,664
1392,664
277,664
324,664
111,664
1046,664
115,665
974,665
911,665
712,665
349,665
227,666
1416,666
1001,666
297,666
596,666
548,667
1215,667
1181,667
768,667
1221,667
175,667
934,667
521,667
22,667
118,668
1116,668
1043,668
164,668
806,668
1270,668
1227,668
1324,668
1107,668
1348,668
497,668
1422,669
1301,669
1216,669
1321,669
812,669
763,669
542,669
630,669
905,669
1368,670
246,670
527,670
697,670
1147,670
1409,671
1375,671
342,671
338,671
369,671
1409,672
536,672
972,672
955,672
1146,672
1369,672
1336,672
37,672
320,673
617,673
1369,673
628,673
348,673
54,674
1231,674
1074,674
72,674
494,674
1203,674
529,674
584,674
1409,675
1289,675
1181,675
320,675
819,675
849,676
1233,676
344,676
545,676
428,676
975,676
714,676
921,676
1203,676
529,676
1322,676
702,677
416,677
1025,677
305,677
344,677
408,678
336,678
545,678
281,678
714,678
83,678
1203,678
910,678
43,679
47,679
1040,679
559,679
1357,679
302,679
768,679
1233,679
419,679
336,679
917,679
1230,679
822,679
958,679
738,679
435,679
325,679
266,679
854,679
179,680
786,680
927,680
1169,680
30,680
796,680
797,680
227,680
519,680
61,680
1220,680
282,680
824,680
431,680
629,680
283,680
1059,680
94,680
444,680
845,680
622,680
611,680
557,681
392,681
323,681
8,681
1223,681
980,681
1259,681
1355,681
1063,682
1400,682
1378,682
311,682
516,682
908,682
431,682
433,682
919,682
1249,682
521,682
22,682
1171,683
794,683
661,683
1065,683
1186,683
57,683
1263,683
893,683
72,683
693,683
346,683
673,684
1294,684
153,684
956,684
27,684
781,685
56,685
343,685
1190,685
655,685
176,685
10,685
1202,685
189,686
684,686
792,686
634,686
794,686
1185,686
726,686
614,686
227,686
1275,686
123,686
419,686
615,686
1125,686
279,686
1095,686
1076,686
431,686
738,686
396,686
574,686
577,686
992,686
1085,686
1176,686
495,686
631,686
1370,686
698,686
646,686
1264,686
521,686
914,687
18,687
438,687
1390,687
529,687
443,687
364,687
334,687
948,688
190,688
1349,688
208,688
350,688
1086,689
1028,689
1104,689
311,689
35,689
135,689
1149,690
90,690
965,690
16,690
276,690
1268,690
724,690
588,690
1307,690
55,690
1042,690
1321,690
1121,690
304,690
703,690
63,690
113,690
1012,690
1227,690
680,690
1077,690
2,690
913,690
458,691
966,691
613,691
980,691
215,691
1148,692
701,692
171,692
1195,692
1294,692
1196,692
1304,692
102,692
17,692
181,692
392,692
201,692
139,692
963,692
140,692
141,692
1152,692
470,692
132,692
933,692
773,692
331,692
159,692
9,692
93,692
477,692
478,692
75,692
193,692
400,692
177,692
99,692
707,693
891,693
469,693
185,693
476,693
958,693
1127,693
680,693
530,693
450,693
1210,693
1204,694
413,694
54,694
690,694
437,694
788,695
706,695
144,695
1405,695
1281,695
286,695
339,696
179,696
898,696
962,696
1103,696
102,696
182,696
104,696
889,696
12,696
152,696
394,696
478,696
1380,696
1352,696
1032,696
317,696
1047,697
1131,697
1267,697
677,697
1058,697
178,697
788,698
706,698
391,698
1178,698
1405,698
1334,698
767,698
688,698
1281,698
545,698
175,698
454,698
233,698
72,698
1313,698
456,698
1250,698
1244,699
966,699
0,699
1169,699
1182,699
19,699
806,699
1395,699
912,699
1417,699
149,699
338,699
1043,700
1100,700
661,700
381,700
879,700
1080,700
488,700
1042,701
933,701
207,701
486,701
961,701
391,702
108,702
767,702
392,702
1092,702
968,703
365,703
323,703
184,703
1299,703
1406,703
1177,704
926,704
1278,704
379,704
1263,704
1094,704
546,704
830,704
994,704
1099,704
1322,704
659,704
1061,704
102,705
661,705
424,705
113,705
270,705
1073,705
496,705
1239,706
1240,706
522,706
339,706
718,706
902,706
647,706
765,706
719,706
1391,706
1109,706
118,706
1282,706
1188,706
142,706
220,706
459,706
1422,706
790,706
47,706
971,706
549,706
927,706
48,706
535,706
225,706
634,706
928,706
1161,706
1280,706
109,706
366,706
226,706
103,706
796,706
302,706
392,706
1182,706
745,706
662,706
1186,706
163,706
52,706
53,706
588,706
945,706
850,706
930,706
803,706
1089,706
1142,706
1105,706
417,706
805,706
56,706
19,706
418,706
539,706
806,706
807,706
808,706
508,706
1256,706
1137,706
635,706
1337,706
1411,706
876,706
342,706
242,706
343,706
809,706
303,706
653,706
111,706
813,706
278,706
940,706
307,706
1082,706
262,706
760,706
917,706
545,706
772,706
869,706
66,706
308,706
568,706
728,706
1163,706
502,706
68,706
533,706
234,706
1338,706
1248,706
70,706
1218,706
71,706
1335,706
822,706
592,706
935,706
235,706
617,706
386,706
729,706
693,706
1084,706
827,706
776,706
576,706
877,706
695,706
895,706
668,706
1379,706
215,706
79,706
831,706
456,706
1128,706
480,706
607,706
1166,706
84,706
834,706
921,706
580,706
1425,706
938,706
251,706
835,706
836,706
1037,706
839,706
253,706
840,706
387,706
905,706
910,706
350,706
1168,706
27,706
318,706
486,706
1102,706
88,706
847,706
256,706
780,706
961,706
512,706
1314,706
488,706
1250,706
996,706
257,706
319,706
997,706
1287,706
741,706
970,707
1171,707
599,707
1328,707
1266,707
354,707
601,707
922,707
923,707
222,707
46,707
1359,707
405,707
1103,707
641,707
239,707
1363,707
145,707
224,707
624,707
276,707
1418,707
225,707
391,707
1178,707
1404,707
173,707
1402,707
1186,707
393,707
802,707
899,707
563,707
130,707
589,707
945,707
849,707
1207,707
771,707
491,707
519,707
1290,707
1142,707
651,707
720,707
807,707
635,707
876,707
810,707
1197,707
112,707
814,707
1056,707
64,707
1071,707
1113,707
65,707
862,707
454,707
1413,707
245,707
279,707
234,707
280,707
1095,707
70,707
294,707
570,707
1286,707
13,707
1200,707
1126,707
1138,707
1201,707
693,707
572,707
1339,707
573,707
774,707
1153,707
436,707
1175,707
895,707
249,707
594,707
1379,707
829,707
1085,707
77,707
579,707
456,707
1390,707
833,707
148,707
834,707
1211,707
1425,707
1243,707
1306,707
646,707
1034,707
844,707
960,707
1145,707
517,707
778,707
1325,707
1273,707
598,707
901,707
1358,707
319,707
137,707
1287,707
1149,708
1150,708
625,708
1204,708
52,708
552,708
865,708
470,708
35,708
106,708
1421,708
512,708
109,709
662,709
635,709
1319,709
1271,709
499,709
1381,709
632,709
351,709
961,709
1116,710
949,710
971,710
722,710
634,710
1011,710
664,710
819,710
203,710
1383,710
1306,710
1177,711
204,711
1400,711
52,711
866,711
1194,711
327,711
1426,712
48,712
1131,712
293,712
618,712
992,712
505,713
914,713
457,713
337,713
735,713
571,713
449,713
765,714
1310,714
359,714
1216,714
707,714
389,715
392,715
1252,715
1164,715
456,715
1410,715
842,715
1017,716
1169,716
52,716
361,716
1302,716
1308,716
373,716
890,716
348,716
349,716
450,716
222,717
653,717
654,717
569,717
1325,717
1115,718
289,718
1063,718
1377,718
304,718
305,718
426,718
425,718
665,718
815,718
371,718
1353,718
1399,718
860,718
295,718
1027,718
695,718
250,718
740,718
1330,718
252,718
316,718
317,718
297,718
1253,718
1054,718
288,718
490,719
1270,719
1399,719
1027,719
212,719
1319,720
729,720
696,720
338,720
521,720
1240,721
1109,721
359,721
501,721
1120,721
1221,721
1309,721
84,721
318,721
699,721
1086,722
1279,722
708,722
1127,722
1361,722
42,723
1241,723
468,723
306,723
540,723
1360,723
1237,723
109,724
644,724
564,724
1368,724
1256,724
653,724
1245,724
1123,724
628,724
247,724
698,724
1300,725
1415,725
1423,725
19,725
336,725
338,725
214,725
588,726
1411,726
1082,726
279,726
35,726
330,727
124,727
515,727
1427,727
1417,727
531,728
358,728
966,728
1189,728
18,728
51,728
410,728
164,728
342,728
1398,728
735,728
821,728
1360,728
1303,728
1134,728
912,728
128,728
1203,728
338,728
512,728
1350,729
1290,729
38,729
1238,729
1414,729
218,730
458,730
732,730
864,730
588,730
850,730
771,730
260,730
380,730
657,730
710,730
570,730
852,730
235,730
573,730
1166,730
265,730
844,730
521,730
29,731
410,731
341,731
821,731
511,731
1367,731
1326,731
718,732
949,732
391,732
770,732
491,732
770,733
1119,733
246,733
72,733
1175,733
1425,733
682,734
549,734
408,734
62,734
68,734
1353,734
404,735
1186,735
292,735
1107,735
859,735
403,736
869,736
72,736
77,736
350,736
512,736
115,737
343,737
426,737
66,737
1051,737
1399,737
1115,738
305,738
819,738
636,738
901,738
1359,739
1063,739
411,739
1318,739
313,739
215,739
643,740
121,740
1270,740
664,740
1159,740
338,740
190,741
1104,741
201,741
313,741
1009,741
1154,741
115,742
1382,742
378,742
228,742
972,742
1075,742
488,742
1234,743
1328,743
781,743
154,743
1096,743
512,743
718,744
719,744
405,744
113,744
1002,744
1268,745
392,745
1220,745
106,745
443,745
189,746
118,746
949,746
274,746
1236,746
225,746
634,746
391,746
532,746
1144,746
322,746
1091,746
227,746
987,746
988,746
426,746
998,746
244,746
616,746
626,746
738,746
1232,746
196,746
1167,746
512,746
288,746
1331,747
70,747
248,747
757,747
136,747
1210,747
1016,748
1048,748
1289,748
320,748
525,748
1246,748
378,748
849,748
635,748
1101,748
1252,748
1075,748
529,748
449,748
662,749
1192,749
721,749
1075,749
338,749
1016,750
1346,750
720,750
59,750
1254,750
668,750
154,750
621,750
961,750
1309,751
10,751
831,751
440,751
1129,751
365,752
1272,752
1255,752
900,752
401,752
1135,753
1195,753
650,753
278,753
1082,753
831,753
316,753
659,753
747,754
1093,754
552,754
508,754
304,754
114,754
309,754
68,754
821,754
248,754
1380,754
87,754
699,754
221,755
162,755
1346,755
8,755
469,755
250,755
1102,755
1273,755
1351,755
49,756
1241,756
892,756
209,756
449,756
584,756
118,757
1366,757
379,757
1159,757
1146,757
20,757
1079,757
315,757
338,757
1182,758
56,758
981,758
1229,758
1072,758
1397,758
1336,758
128,758
338,758
647,759
648,759
388,759
1172,759
221,759
1362,759
1422,759
707,759
1337,759
946,759
1031,759
1252,759
1272,759
1164,759
826,759
1380,759
165,759
1156,759
456,759
136,759
5,760
1136,760
361,760
1082,760
294,760
37,760
620,760
601,761
204,761
766,761
927,761
320,761
650,761
1089,761
635,761
980,761
1248,761
833,761
701,762
947,762
258,762
648,762
220,762
1172,762
403,762
948,762
1359,762
102,762
1189,762
906,762
1136,762
1418,762
903,762
532,762
300,762
335,762
1004,762
769,762
1092,762
874,762
1093,762
1119,762
1256,762
1137,762
1121,762
1,762
652,762
876,762
1222,762
605,762
423,762
1274,762
306,762
268,762
113,762
493,762
513,762
515,762
36,762
1286,762
282,762
432,762
1173,762
593,762
1277,762
1193,762
992,762
1379,762
1381,762
830,762
832,762
399,762
1160,762
1425,762
595,762
14,762
1168,762
596,762
671,762
1225,762
622,762
255,762
15,762
1055,763
389,763
390,763
391,763
1405,763
1334,763
1092,763
53,763
929,763
1281,763
466,763
507,763
1285,763
1209,763
866,763
1265,763
1299,763
545,763
454,763
1331,763
1420,763
817,763
1403,763
456,763
1410,763
85,763
402,763
242,764
427,764
429,764
1193,764
1348,764
338,764
1238,764
1181,765
634,765
1169,765
1392,765
726,765
1219,765
1311,765
1183,765
348,765
209,765
275,766
1386,766
276,766
1296,766
395,766
456,766
402,766
1374,767
171,767
726,767
1398,767
1159,767
1191,767
449,767
396,768
1421,768
3,768
350,768
27,768
1301,769
51,769
799,769
1066,769
708,769
510,769
820,769
1075,769
944,769
499,769
740,769
960,769
446,769
1345,769
1002,769
1419,770
1221,770
13,770
400,770
1179,770
1098,771
708,771
57,771
1056,771
862,771
395,771
990,771
1055,772
389,772
304,772
1384,772
1410,772
1090,772
784,773
1109,773
453,773
642,773
1162,773
799,773
769,773
724,773
809,773
656,773
590,773
824,773
271,773
1216,774
1297,774
946,774
1286,774
777,774
646,774
179,775
1261,775
856,775
390,775
30,775
929,775
466,775
454,775
616,775
1403,775
835,775
197,775
1358,775
1247,776
769,776
54,776
12,776
823,776
1394,776
1268,777
130,777
782,777
680,777
609,777
2,777
838,777
1362,778
91,778
83,778
2,778
284,778
188,778
673,779
43,779
1422,779
612,779
275,779
161,779
1142,779
54,779
782,779
58,779
1337,779
755,779
174,779
1112,779
63,779
426,779
1071,779
1227,779
1208,779
1416,779
692,779
958,779
478,779
10,779
572,779
573,779
1173,779
1352,779
456,779
1258,779
697,779
580,779
836,779
296,779
1306,779
1389,779
27,779
671,779
888,779
136,779
1358,779
700,779
1204,780
1206,780
1006,780
95,780
1393,780
554,781
550,781
775,781
1147,781
699,781
1086,782
1017,782
470,782
306,782
760,782
1272,782
154,782
39,782
136,782
105,783
1406,783
1332,783
84,783
853,783
338,783
339,784
674,784
180,784
1339,784
75,784
317,784
1210,784
983,785
867,785
1320,785
1043,785
321,785
1280,785
1144,785
30,785
1185,785
781,785
768,785
726,785
875,785
899,785
986,785
412,785
1262,785
930,785
987,785
708,785
1318,785
54,785
8,785
56,785
379,785
1190,785
111,785
1069,785
884,785
655,785
1056,785
1265,785
606,785
428,785
868,785
869,785
1413,785
1124,785
1076,785
943,785
617,785
693,785
431,785
433,785
75,785
107,785
238,785
575,785
576,785
345,785
878,785
1078,785
993,785
1176,785
37,785
1160,785
995,785
326,785
1145,785
136,785
288,785
1002,785
1320,786
1404,786
688,786
931,786
111,786
292,786
69,786
1271,786
617,786
822,787
542,787
456,787
1036,787
40,787
687,788
876,788
1412,788
761,788
402,788
898,789
1362,789
766,789
549,789
108,789
873,789
1111,789
723,789
162,789
304,789
63,789
827,789
314,789
553,789
741,789
1044,790
876,790
516,790
727,790
443,790
120,791
362,791
1303,791
1316,791
364,791
599,792
734,792
151,792
743,792
645,792
495,792
448,792
867,793
32,793
1094,793
710,793
1306,793
911,794
966,794
18,794
48,794
1017,794
1415,794
467,794
1377,794
1423,794
1122,794
515,794
1427,794
511,794
345,794
1326,794
94,794
338,794
1214,795
966,795
18,795
146,795
1144,795
1182,795
410,795
330,795
467,795
1423,795
1340,795
164,795
1229,795
1068,795
1427,795
1367,795
1360,795
1303,795
1326,795
1417,795
338,795
349,795
375,795
214,795
1288,795
281,796
1369,796
1303,796
537,796
1134,796
1326,796
338,796
1382,797
126,797
1367,797
338,797
1315,797
643,798
1122,798
1170,798
1427,798
1303,798
1141,798
338,798
512,798
585,798
321,799
301,799
723,799
1186,799
1281,799
54,799
1121,799
152,799
1319,799
1071,799
851,799
1424,799
235,799
573,799
503,799
203,799
497,799
266,799
1389,799
529,799
1130,800
139,800
111,800
133,800
92,800
1254,800
1014,800
731,800
1047,801
949,801
1048,801
16,801
1267,801
51,801
1151,801
201,801
713,801
1285,801
1401,801
370,801
174,801
34,801
133,801
477,801
826,801
1006,801
835,801
964,801
599,802
1282,802
1422,802
538,802
1064,802
651,802
304,802
703,802
1292,802
1286,802
72,802
1303,802
836,802
888,802
1187,802
1239,803
792,803
461,803
302,803
324,803
1119,803
1042,803
1221,803
876,803
1309,803
113,803
520,803
434,803
325,803
744,803
841,803
1249,803
1225,803
259,804
794,804
873,804
1123,804
1312,804
669,804
272,804
46,805
102,805
18,805
51,805
410,805
54,805
8,805
56,805
1398,805
894,805
593,805
1134,805
859,805
1013,805
1386,806
1364,806
1022,806
1238,806
487,806
753,807
157,807
1137,807
936,807
610,807
1228,807
24,808
453,808
1130,808
1189,808
1386,808
561,808
157,808
113,808
772,808
816,808
692,808
71,808
1175,808
1032,808
843,808
513,809
657,809
281,809
1341,809
1024,809
1048,810
1021,810
1207,810
1050,810
500,810
697,810
843,810
633,811
784,811
898,811
746,811
603,811
388,811
789,811
948,811
557,811
1103,811
791,811
1363,811
1418,811
180,811
722,811
650,811
1251,811
1091,811
227,811
1186,811
1083,811
412,811
1281,811
1415,811
1285,811
1105,811
8,811
419,811
111,811
112,811
1069,811
866,811
655,811
760,811
1312,811
1113,811
279,811
851,811
1331,811
943,811
72,811
738,811
936,811
249,811
80,811
1352,811
833,811
1032,811
631,811
1154,811
1228,811
777,811
384,811
880,811
1425,811
177,811
209,811
671,811
530,811
681,811
913,811
451,811
999,812
1040,812
745,812
1228,812
1191,812
1135,813
1221,813
652,813
66,813
1416,813
1077,813
1036,813
960,813
1328,814
706,814
390,814
928,814
767,814
1252,814
817,814
155,814
136,814
100,815
461,815
152,815
96,815
307,815
192,815
35,815
93,815
38,815
363,815
1013,815
513,816
65,816
372,816
1360,816
904,816
350,816
1310,817
130,817
1174,817
279,817
214,817
1298,818
801,818
52,818
1056,818
1332,818
1117,819
7,819
1025,819
338,819
1316,819
731,819
557,820
1235,820
406,820
225,820
392,820
953,820
1120,820
1256,820
112,820
866,820
1309,820
425,820
1163,820
714,820
1200,820
936,820
1303,820
314,820
1425,820
441,820
255,820
997,820
392,821
770,821
1256,821
979,821
246,821
498,822
884,822
75,822
107,822
1425,822
521,822
1157,823
1382,823
873,823
1354,823
1394,823
521,823
1055,824
766,824
173,824
937,824
456,824
3,824
1358,824
684,825
222,825
1382,825
686,825
56,825
291,825
422,825
571,825
1194,825
521,825
700,825
1008,825
119,826
951,826
51,826
1269,826
815,826
818,826
1338,826
578,826
1179,826
30,827
56,827
979,827
959,827
611,827
1013,827
1043,828
466,828
1209,828
651,828
56,828
1411,828
63,828
66,828
955,828
1210,828
1178,829
1384,829
1200,829
456,829
1358,829
706,830
390,830
1405,830
687,830
1252,830
1200,830
456,830
1410,830
1195,831
219,831
1040,831
224,831
749,831
643,831
1219,831
140,831
884,831
1022,831
280,831
573,831
1027,831
284,831
1394,831
1273,831
966,832
18,832
48,832
1161,832
1357,832
1122,832
980,832
1303,832
620,832
964,832
338,832
358,833
911,833
966,833
18,833
29,833
7,833
1415,833
94,833
338,833
966,834
1404,834
29,834
410,834
7,834
1340,834
981,834
1229,834
396,834
909,834
912,834
1417,834
128,834
890,834
338,834
1097,834
1398,835
306,835
545,835
134,835
511,835
1134,835
1326,835
1141,835
856,836
118,836
28,836
911,836
18,836
1357,836
795,836
981,836
1122,836
1397,836
593,836
909,836
1257,836
1367,836
128,836
348,836
603,837
1247,837
1039,837
1153,837
778,837
54,838
1423,838
917,838
1072,838
920,838
599,839
685,839
1130,839
276,839
1309,839
692,839
281,839
1114,839
839,839
1314,839
356,839
1327,840
1384,840
1260,840
1420,840
1403,840
1410,840
388,841
1422,841
953,841
809,841
279,841
72,841
397,841
733,841
1294,842
1017,842
930,842
782,842
1296,842
1237,842
217,843
1261,843
985,843
1426,843
1062,843
1428,843
168,843
875,843
1262,843
708,843
805,843
8,843
56,843
1067,843
1069,843
1333,843
428,843
989,843
293,843
1331,843
1293,843
991,843
618,843
248,843
208,843
1108,843
345,843
541,843
879,843
1078,843
896,843
1381,843
1160,843
994,843
995,843
365,844
971,844
1262,844
1373,844
1192,844
1342,844
582,844
788,845
1252,845
1313,845
1410,845
155,845
402,845
1250,845
1320,846
275,846
1281,846
1384,846
1420,846
72,846
1313,846
1367,846
456,846
1362,847
48,847
1327,847
1251,847
307,847
691,847
1107,847
970,848
767,848
1219,848
713,848
1291,848
1222,848
1031,848
1260,848
1225,848
1323,849
1301,849
1040,849
643,849
1311,849
10,849
1372,850
29,850
1183,850
1027,850
620,850
848,851
259,851
811,851
1223,851
1076,851
1214,852
167,852
980,852
1369,852
1277,852
203,852
751,852
94,852
441,852
149,852
150,852
1297,853
367,853
811,853
717,853
272,853
1216,854
563,854
113,854
1260,854
1348,854
144,855
1302,855
1413,855
528,855
213,855
56,856
1192,856
980,856
449,856
1345,856
302,857
702,857
1378,857
1271,857
529,857
965,858
102,858
931,858
10,858
1005,858
1013,858
170,858
518,859
688,859
1044,859
298,859
1273,859
927,860
1386,860
302,860
316,860
517,860
866,861
246,861
693,861
1153,861
1001,861
901,861
547,861
1187,861
1323,862
1300,862
425,862
1160,862
1097,862
362,863
309,863
1073,863
76,863
84,863
622,863
699,863
220,864
749,864
1284,864
1119,864
918,864
478,864
314,864
439,864
765,865
1334,865
51,865
804,865
1197,865
292,865
1073,865
1339,865
1139,865
1053,865
1250,865
189,866
365,866
1190,866
1027,866
879,866
1328,867
1290,867
32,867
1206,867
1421,867
95,867
457,868
985,868
1062,868
1428,868
795,868
637,868
708,868
56,868
371,868
293,868
711,868
1293,868
991,868
618,868
345,868
896,868
993,868
15,868
1244,869
1016,869
189,869
1323,869
28,869
1172,869
1180,869
1372,869
1289,869
1375,869
378,869
164,869
1122,869
709,869
980,869
1125,869
1183,869
433,869
1360,869
1085,869
1316,869
1191,869
854,869
1002,869
461,870
1262,870
141,870
680,870
253,870
1024,870
220,871
811,871
1272,871
1380,871
1077,871
682,872
507,872
813,872
310,872
446,872
1320,873
708,873
56,873
469,873
711,873
1426,874
1062,874
1333,874
995,874
1014,874
1225,874
1217,875
37,875
1383,875
1342,875
1167,875
498,876
1118,876
58,876
33,876
568,876
446,876
784,877
1391,877
6,877
51,877
1299,877
1163,877
957,877
1138,877
843,877
960,877
41,877
1167,877
747,878
276,878
302,878
393,878
60,878
261,878
693,878
902,879
600,879
790,879
928,879
501,879
1030,879
1068,879
772,879
816,879
1292,879
1121,880
336,880
232,880
956,880
843,880
1405,881
1291,881
956,881
155,881
1358,881
1250,881
902,882
1189,882
50,882
302,882
1330,882
1342,882
1033,883
167,883
1236,883
749,883
366,883
501,883
745,883
1004,883
589,883
1044,883
1321,883
638,883
813,883
1312,883
454,883
568,883
1424,883
564,883
541,883
1139,883
1342,883
1404,884
1050,884
529,884
272,884
913,884
116,885
723,885
1309,885
261,885
956,885
1248,885
84,885
1119,886
57,886
654,886
775,886
607,886
646,886
925,887
1094,887
1427,887
880,887
356,887
1234,888
1043,888
708,888
56,888
1014,888
1016,889
974,889
1418,889
315,889
449,889
340,890
709,890
980,890
338,890
86,890
18,891
1113,891
399,891
871,891
327,891
23,892
1299,892
679,892
106,892
680,892
227,893
1368,893
866,893
429,893
1425,893
1288,893
1250,893
217,894
985,894
1426,894
1262,894
637,894
708,894
8,894
56,894
1069,894
979,894
428,894
886,894
371,894
992,894
1078,894
896,894
15,894
1426,895
1262,895
56,895
371,895
70,895
711,895
42,896
168,896
637,896
708,896
1067,896
371,896
1424,896
711,896
1293,896
1108,896
345,896
42,897
1261,897
983,897
985,897
1426,897
1043,897
1062,897
1428,897
168,897
875,897
1233,897
637,897
708,897
8,897
1067,897
293,897
1424,897
1293,897
1108,897
345,897
992,897
879,897
1078,897
15,897
983,898
1428,898
875,898
8,898
1217,898
886,898
1108,898
879,898
983,899
1428,899
875,899
8,899
56,899
1067,899
1069,899
886,899
1248,899
711,899
1293,899
1160,899
1014,899
